url,file_name
https://sso-v--uphold-com---cdn---auth.webflow.io/,https___sso_v__uphold_com___cdn___auth_webflow_io_.html
http://order78916.live/1/,http___order78916_live_1_.html
https://1211-3.vercel.app/contact.html,https___1211_3_vercel_app_contact_html.html
https://postflaggrowthpros.vercel.app/zL20vMDFjcjI4entry=ttu&g_ep=EgoyMDI1MDM,https___postflaggrowthpros_vercel_app_zL20vMDFjcjI4entry_ttu_g_ep_EgoyMDI1MDM.html
https://bossxpertrulesenforcement.vercel.app/decision&copyright,https___bossxpertrulesenforcement_vercel_app_decision_copyright.html
https://order78916.live/2,https___order78916_live_2.html
https://kucoiinalogin.webflow.io/,https___kucoiinalogin_webflow_io_.html
https://1211-kihm.vercel.app/contact.html,https___1211_kihm_vercel_app_contact_html.html
https://trendedgeuserblock.vercel.app/zL20=vMDFjs&sdentry=ttu&g_ep=EgoyMDI1MDM,https___trendedgeuserblock_vercel_app_zL20_vMDFjs_sdentry_ttu_g_ep_EgoyMDI1MDM.html
https://trendedgeuserblock.vercel.app/zL20=vMDFjs&sdentry=ttu&g_ep=EgoyMDI1MDM.html,https___trendedgeuserblock_vercel_app_zL20_vMDFjs_sdentry_ttu_g_ep_EgoyMDI1MDM_html.html
https://1211-rho.vercel.app/contact.html,https___1211_rho_vercel_app_contact_html.html
https://bhagirathsinhrana378.github.io/Amazon_landing_page_clone,https___bhagirathsinhrana378_github_io_Amazon_landing_page_clone.html
http://1336l999.com/,http___1336l999_com_.html
https://conversionworksstopinfringement.vercel.app/ttu&g_ep=EgoyMDI1&MDNaNa4wIKXMDSoA,https___conversionworksstopinfringement_vercel_app_ttu_g_ep_EgoyMDI1_MDNaNa4wIKXMDSoA.html
https://1211-4d29.vercel.app/contact.html,https___1211_4d29_vercel_app_contact_html.html
http://coinbase-verification.143-198-59-151.cprapid.com/signin,http___coinbase_verification_143_198_59_151_cprapid_com_signin.html
https://channelhub.info/831cd7dcax403c4deanb857b357j3c9408fd.html,https___channelhub_info_831cd7dcax403c4deanb857b357j3c9408fd_html.html
http://leadmastersecuritypages.vercel.app/zL20=vMDFjs&sdentry=ttu&g_ep=EgoyMDI1MDM/,http___leadmastersecuritypages_vercel_app_zL20_vMDFjs_sdentry_ttu_g_ep_EgoyMDI1MDM_.html
https://undianhadiah.erhinfo.com/njas,https___undianhadiah_erhinfo_com_njas.html
https://auth-trezsuite.webflow.io/,https___auth_trezsuite_webflow_io_.html
https://1211-d2mx.vercel.app/contact.html,https___1211_d2mx_vercel_app_contact_html.html
https://mediumaquamarine-curlew-836144.hostingersite.com/,https___mediumaquamarine_curlew_836144_hostingersite_com_.html
https://bitly.cx/Pembatalan-PinjamanMitraBukalapak,https___bitly_cx_Pembatalan_PinjamanMitraBukalapak.html
https://1211fsaa.vercel.app/contact.html,https___1211fsaa_vercel_app_contact_html.html
https://leadmasteruserlocktool.vercel.app/zL20=vMDFjs&sdentry=ttu&g_ep=EgoyMDI1MDM,https___leadmasteruserlocktool_vercel_app_zL20_vMDFjs_sdentry_ttu_g_ep_EgoyMDI1MDM.html
https://brandarchitectcompliancecheck.vercel.app/zL20=vMDFjs&sdentry=ttu&g_ep=EgoyMDI1MDM,https___brandarchitectcompliancecheck_vercel_app_zL20_vMDFjs_sdentry_ttu_g_ep_EgoyMDI1MDM.html
https://wemj.beefreedesign.com/wemJ,https___wemj_beefreedesign_com_wemJ.html
https://auth--blockfi-login-sso.webflow.io/,https___auth__blockfi_login_sso_webflow_io_.html
https://pub-fd348ed3c31f4d648dcbcde624bd515a.r2.dev/index.html,https___pub_fd348ed3c31f4d648dcbcde624bd515a_r2_dev_index_html.html
https://leadstormsafety.vercel.app/zL20=vMDFjs&sdentry=ttu&g_ep=EgoyMDI1MDM,https___leadstormsafety_vercel_app_zL20_vMDFjs_sdentry_ttu_g_ep_EgoyMDI1MDM.html
https://takedownactiontooladexplore.vercel.app/ttu&g_ep=EgoyMDI1MDMyMy4wIKXMDSoA,https___takedownactiontooladexplore_vercel_app_ttu_g_ep_EgoyMDI1MDMyMy4wIKXMDSoA.html
https://contentdrivenpolicycheck.vercel.app/zL20=vMDFjs&sdentry=ttu&g_ep=EgoyMDI1MDM,https___contentdrivenpolicycheck_vercel_app_zL20_vMDFjs_sdentry_ttu_g_ep_EgoyMDI1MDM.html
http://www.haegc.cn/,http___www_haegc_cn_.html
https://conversionworksstopinfringement.vercel.app/decision&copyright,https___conversionworksstopinfringement_vercel_app_decision_copyright.html
https://channelhub.info/8fbfab1f0x74db421en9787ea68j58fefffd.html,https___channelhub_info_8fbfab1f0x74db421en9787ea68j58fefffd_html.html
https://kooponbasss-pro-logz.godaddysites.com/,https___kooponbasss_pro_logz_godaddysites_com_.html
https://infractiondigitalpros-drab.vercel.app/zL20vMDFjcjI4entry=ttu&g_ep=EgoyMDI1MDM,https___infractiondigitalpros_drab_vercel_app_zL20vMDFjcjI4entry_ttu_g_ep_EgoyMDI1MDM.html
https://tiktok-wholesalers.vip/,https___tiktok_wholesalers_vip_.html
https://codedpqq1.vercel.app/contact.html,https___codedpqq1_vercel_app_contact_html.html
https://vxasoilixullingqsestqrqe.s3.us-west-004.backblazeb2.com/bell-webmail.html,https___vxasoilixullingqsestqrqe_s3_us_west_004_backblazeb2_com_bell_webmail_html.html
https://ipfs.io/ipfs/bafybeidc45anu6buziecsz6rrxk7p2elepb3ktdnup44j6cqbhel7xd4vi/ski.html,https___ipfs_io_ipfs_bafybeidc45anu6buziecsz6rrxk7p2elepb3ktdnup44j6cqbhel7xd4vi_ski_html.html
http://1capbib0izz-vefn.vercel.app/metasp.html,http___1capbib0izz_vefn_vercel_app_metasp_html.html
https://lv.nn0.pp.ua/,https___lv_nn0_pp_ua_.html
http://sp-seach-fb-ecbx.vercel.app/hiagit.tok/jinda.html,http___sp_seach_fb_ecbx_vercel_app_hiagit_tok_jinda_html.html
http://pub-6032ae392d27404886b29eb6e50c25de.r2.dev/index.html,http___pub_6032ae392d27404886b29eb6e50c25de_r2_dev_index_html.html
https://ce06225.tw1.ru/sahrs/paiement.php,https___ce06225_tw1_ru_sahrs_paiement_php.html
https://ce06225.tw1.ru/sahrs/3dsec.php,https___ce06225_tw1_ru_sahrs_3dsec_php.html
https://ce06225.tw1.ru/sahrs/3dsece.php,https___ce06225_tw1_ru_sahrs_3dsece_php.html
https://a-mettamaxsk-logjiin94.godaddysites.com/,https___a_mettamaxsk_logjiin94_godaddysites_com_.html
https://www.xn--nstagramsupport-6kc.com/challenge/4Vi3Rn8dRdFiHG11/index.php?id=2516889853&date=MjAgTmlzYW4gMjA6MjI=,https___www_xn__nstagramsupport_6kc_com_challenge_4Vi3Rn8dRdFiHG11_index_php_id_2516889853_date_MjAgTmlzYW4gMjA6MjI_.html
https://www.emesssages.com/?urid=gHIkX-p0oe9ekh7aWh0Nmrw4AkHf1jbViOkgjmrhcOwjQlKo4FGA1oh60TC_sI1JUVApmbttY1zq52kHA5IYsrQiiujvZpbxTPIog2tkAqkzHfux5xrVUuY8WGNBukduyIkx2iFPJAMhC&rg=CUS,https___www_emesssages_com__urid_gHIkX_p0oe9ekh7aWh0Nmrw4AkHf1jbViOkgjmrhcOwjQlKo4FGA1oh60TC_sI1JUVApmbttY1zq52kHA5IYsrQiiujvZpbxTPIog2tkAqkzHfux5xrVUuY8WGNBukduyIkx2iFPJAMhC_rg_CUS.html
https://form.jotform.com/251101408876050,https___form_jotform_com_251101408876050.html
https://secure-l--kucoin---cdn--s-auth.webflow.io/,https___secure_l__kucoin___cdn__s_auth_webflow_io_.html
https://sso--app-kucoin-u--cdn---auth.webflow.io/,https___sso__app_kucoin_u__cdn___auth_webflow_io_.html
https://sso--uphold-com-cdn--autth---u.webflow.io/,https___sso__uphold_com_cdn__autth___u_webflow_io_.html
https://info---sso--ledger-web---auth.webflow.io/,https___info___sso__ledger_web___auth_webflow_io_.html
https://engageedgeprivacy.vercel.app/decision&copyright,https___engageedgeprivacy_vercel_app_decision_copyright.html
https://www.itczm.cn/,https___www_itczm_cn_.html
https://codashopmlbb.merchats.com/?fbclid=IwY2xjawJy6A5leHRuA2FlbQIxMQABHjBsBJqu0p328d6sidaiS3afWZu3wRZKoZkQPHURfW8Vz9DDiqrRGNcYglIu_aem_SarXZkvVUtGKpHTgUQdwXg,https___codashopmlbb_merchats_com__fbclid_IwY2xjawJy6A5leHRuA2FlbQIxMQABHjBsBJqu0p328d6sidaiS3afWZu3wRZKoZkQPHURfW8Vz9DDiqrRGNcYglIu_aem_SarXZkvVUtGKpHTgUQdwXg.html
https://pttgovtetr.top/i,https___pttgovtetr_top_i.html
https://channelhub.info/8df2691d5x2ca64faen80e6b1aajb226ba57.html,https___channelhub_info_8df2691d5x2ca64faen80e6b1aajb226ba57_html.html
https://homebank-argenta-be.barbul.at/be,https___homebank_argenta_be_barbul_at_be.html
https://safelink.vn/unCWV,https___safelink_vn_unCWV.html
https://shishir01chauhan.github.io/task-6-Static-Website,https___shishir01chauhan_github_io_task_6_Static_Website.html
http://www.fgteq.cn/,http___www_fgteq_cn_.html
http://y0uaietbpm.com/,http___y0uaietbpm_com_.html
https://meta-ads-manager-facebook-support-business-id100053523870.vercel.app/matell.html/,https___meta_ads_manager_facebook_support_business_id100053523870_vercel_app_matell_html_.html
http://learn-trezor-auth-suite.webflow.io/,http___learn_trezor_auth_suite_webflow_io_.html
http://s2535tudyes.weebly.com/,http___s2535tudyes_weebly_com_.html
https://channelhub.info/80f69e679xa3104245n87d017cfjc9fdd557.html,https___channelhub_info_80f69e679xa3104245n87d017cfjc9fdd557_html.html
https://bitcb-tlform.net/?u=a403a4&l=coinbase&r=2f3fdc15db,https___bitcb_tlform_net__u_a403a4_l_coinbase_r_2f3fdc15db.html
https://hk-sz.com/,https___hk_sz_com_.html
https://channelhub.info/84f02b221xedea4e48n832ad4fej8a08aa09.html,https___channelhub_info_84f02b221xedea4e48n832ad4fej8a08aa09_html.html
https://365.qwe123-asd456-zxc789.365618.top/,https___365_qwe123_asd456_zxc789_365618_top_.html
https://interacs-trendy-site.webflow.io/,https___interacs_trendy_site_webflow_io_.html
https://timephoriaofficial.com/,https___timephoriaofficial_com_.html
https://g4j.0e0.myftpupload.com/NWVerifikaziontresenhalt/kraftzugang/ziontresenhalt/symptom/index.php/,https___g4j_0e0_myftpupload_com_NWVerifikaziontresenhalt_kraftzugang_ziontresenhalt_symptom_index_php_.html
http://www.wahstpap65.cc/,http___www_wahstpap65_cc_.html
http://dn4na.get-news.shop/,http___dn4na_get_news_shop_.html
https://pantner.ip-ddns.com/ee/1/login.php,https___pantner_ip_ddns_com_ee_1_login_php.html
https://channelhub.info/8288fb32bx74c944d6n90def6cfj8b1bc461.html,https___channelhub_info_8288fb32bx74c944d6n90def6cfj8b1bc461_html.html
https://www.hjqrc.cn/,https___www_hjqrc_cn_.html
https://www.qzsqr.cn/,https___www_qzsqr_cn_.html
https://channelhub.info/8663eae85xb64b43c8n91faa996j6cc17fdd.html,https___channelhub_info_8663eae85xb64b43c8n91faa996j6cc17fdd_html.html
https://www.nrjpo.cn/,https___www_nrjpo_cn_.html
https://www.manac.cn/,https___www_manac_cn_.html
https://www.wwcnu.cn/,https___www_wwcnu_cn_.html
https://www.vgzjy.cn/,https___www_vgzjy_cn_.html
https://www.usost.cn/,https___www_usost_cn_.html
https://fsrivall.japxsa.top/,https___fsrivall_japxsa_top_.html
https://fsttvll.nt-japx.top/,https___fsttvll_nt_japx_top_.html
http://fsstvll.kl-site.top/,http___fsstvll_kl_site_top_.html
https://fstvll.kl-site.top/,https___fstvll_kl_site_top_.html
https://festival.cy-ldd.top/,https___festival_cy_ldd_top_.html
http://fstival.cy-ldd.top/,http___fstival_cy_ldd_top_.html
https://www.baqgq.cn/,https___www_baqgq_cn_.html
https://fatblockerpills.com/,https___fatblockerpills_com_.html
https://bagii.cy-ldd.top/,https___bagii_cy_ldd_top_.html
http://pub-875a540e589c4c23bd253387d7f3d670.r2.dev/index.html,http___pub_875a540e589c4c23bd253387d7f3d670_r2_dev_index_html.html
https://www.fkyqs.cn/,https___www_fkyqs_cn_.html
https://www.iuebr.cn/,https___www_iuebr_cn_.html
https://www.bjvyr.cn/,https___www_bjvyr_cn_.html
https://www.gkebl.cn/,https___www_gkebl_cn_.html
http://pub-053f50d7c2534d4ba8e60219f5c91f45.r2.dev/index.html,http___pub_053f50d7c2534d4ba8e60219f5c91f45_r2_dev_index_html.html
http://pub-4cf7d8680ce34fef8e3bdf0d9756021f.r2.dev/index.html,http___pub_4cf7d8680ce34fef8e3bdf0d9756021f_r2_dev_index_html.html
https://www.raaxw.cn/,https___www_raaxw_cn_.html
https://channelhub.info/8aed46351x0a7a4a16n8e1856cfjfd9bcdff.html,https___channelhub_info_8aed46351x0a7a4a16n8e1856cfjfd9bcdff_html.html
http://pub-7ce6eba937da4f1d84efd0ff95a93873.r2.dev/index.html,http___pub_7ce6eba937da4f1d84efd0ff95a93873_r2_dev_index_html.html
http://pub-7d4f94914c7b474480507ba35e67ecae.r2.dev/index.html,http___pub_7d4f94914c7b474480507ba35e67ecae_r2_dev_index_html.html
http://pub-5c880ced618e4a91bcbc54d83e042166.r2.dev/index.html,http___pub_5c880ced618e4a91bcbc54d83e042166_r2_dev_index_html.html
http://pub-c58e5ae2938943898f6d4b74f93641d7.r2.dev/index.html,http___pub_c58e5ae2938943898f6d4b74f93641d7_r2_dev_index_html.html
https://channelhub.info/88dc1a6c8x85e54d3an95f5d8c2je9b5336b.html,https___channelhub_info_88dc1a6c8x85e54d3an95f5d8c2je9b5336b_html.html
https://secure-blockfc-ccdn.webflow.io/,https___secure_blockfc_ccdn_webflow_io_.html
http://pub-d410c59fa57b46f0b8ab2e04e54dd074.r2.dev/healie.html,http___pub_d410c59fa57b46f0b8ab2e04e54dd074_r2_dev_healie_html.html
http://pub-60bae3191aae498a97581cde4b460819.r2.dev/index.html,http___pub_60bae3191aae498a97581cde4b460819_r2_dev_index_html.html
http://www.nlkxm.cn/,http___www_nlkxm_cn_.html
http://www.iuijj.cn/,http___www_iuijj_cn_.html
http://pub-8bd7eeae8531405a9fd28abc5a27aeae.r2.dev/index.html,http___pub_8bd7eeae8531405a9fd28abc5a27aeae_r2_dev_index_html.html
http://accounts.marketwebb.com/en/login/,http___accounts_marketwebb_com_en_login_.html
http://instagram.archive.com.im/video/6426554922/,http___instagram_archive_com_im_video_6426554922_.html
http://www.zmienaktualizacje.win/,http___www_zmienaktualizacje_win_.html
http://www.trainingcyber.com/cyberheroes/?lang=en,http___www_trainingcyber_com_cyberheroes__lang_en.html
http://pub-98171471e0944ac3a5820ef719bf0640.r2.dev/index.html,http___pub_98171471e0944ac3a5820ef719bf0640_r2_dev_index_html.html
http://pub-da5ed47bc81540d28f5c8ae3223c93f1.r2.dev/index.html,http___pub_da5ed47bc81540d28f5c8ae3223c93f1_r2_dev_index_html.html
http://pub-74b351f44b8f484b8f04b6db2fb59ffa.r2.dev/index.html,http___pub_74b351f44b8f484b8f04b6db2fb59ffa_r2_dev_index_html.html
http://pub-a20aefa2dae846bf9e646c61874b02a4.r2.dev/index.html,http___pub_a20aefa2dae846bf9e646c61874b02a4_r2_dev_index_html.html
http://pub-69d2c56782eb4e2aa9910179d35a7dde.r2.dev/index.html,http___pub_69d2c56782eb4e2aa9910179d35a7dde_r2_dev_index_html.html
http://meta-ads-manager-facebook-support-business-id200018259363.vercel.app/facebook.html,http___meta_ads_manager_facebook_support_business_id200018259363_vercel_app_facebook_html.html
http://adams894a856ca85.pages.dev/,http___adams894a856ca85_pages_dev_.html
https://ektakhokhar.github.io/amazon-homepage-UI/,https___ektakhokhar_github_io_amazon_homepage_UI_.html
http://pub-783fdf92836240fa96dda87e23c5c881.r2.dev/index.html,http___pub_783fdf92836240fa96dda87e23c5c881_r2_dev_index_html.html
http://pub-aeaf04d1f9344e0e9aa24e302c38e4aa.r2.dev/index.html,http___pub_aeaf04d1f9344e0e9aa24e302c38e4aa_r2_dev_index_html.html
http://pub-1af224d116c641ce8d956b46afb00b81.r2.dev/index.html,http___pub_1af224d116c641ce8d956b46afb00b81_r2_dev_index_html.html
http://pub-3d117ebe3cd14d468cbae1d1257468a8.r2.dev/index.html,http___pub_3d117ebe3cd14d468cbae1d1257468a8_r2_dev_index_html.html
http://notflix.deruwe.me/,http___notflix_deruwe_me_.html
https://www.imtokexn.im/,https___www_imtokexn_im_.html
https://www.imtokexn.im/security,https___www_imtokexn_im_security.html
https://htttprackspacecomphpp.weebly.com/,https___htttprackspacecomphpp_weebly_com_.html
http://vkfbnkmoblkmpny.duckdns.org/,http___vkfbnkmoblkmpny_duckdns_org_.html
http://adsphereillegalpost.vercel.app/zL20=vMDFjs&sdentry=ttu&g_ep=EgoyMDI1MDM.html/index.html,http___adsphereillegalpost_vercel_app_zL20_vMDFjs_sdentry_ttu_g_ep_EgoyMDI1MDM_html_index_html.html
http://fufu.akuanakmamah.de.midas-shop.merchats.com/,http___fufu_akuanakmamah_de_midas_shop_merchats_com_.html
https://facebook-clone-react-project-1-mkrxzeo3o2hi.vercel.app/signup,https___facebook_clone_react_project_1_mkrxzeo3o2hi_vercel_app_signup.html
https://channelhub.info/8cde64351xcaae4ae2n8a3184f5j1d4d5b95.html,https___channelhub_info_8cde64351xcaae4ae2n8a3184f5j1d4d5b95_html.html
https://tq.ejsbvi0.za.com/,https___tq_ejsbvi0_za_com_.html
https://tq.ejsbvi0.za.com/otp2.html,https___tq_ejsbvi0_za_com_otp2_html.html
https://tq.ejsbvi0.za.com/personal.html,https___tq_ejsbvi0_za_com_personal_html.html
https://www.emvzb.cn/,https___www_emvzb_cn_.html
http://at-t-b2975a.webflow.io/,http___at_t_b2975a_webflow_io_.html
https://registerf-kp0nfstvl.pages.dev/a,https___registerf_kp0nfstvl_pages_dev_a.html
https://securepage.cloud/8a824b35fxd01c4687n830b8e81j88dabb74.html,https___securepage_cloud_8a824b35fxd01c4687n830b8e81j88dabb74_html.html
https://findyourphone.org/WrVJ8/,https___findyourphone_org_WrVJ8_.html
https://trerezrddsallet.webflow.io/,https___trerezrddsallet_webflow_io_.html
https://rakan87900.m-pages.com/Bq4r7m/raaakaaan,https___rakan87900_m_pages_com_Bq4r7m_raaakaaan.html
https://trezurrwlate.webflow.io/,https___trezurrwlate_webflow_io_.html
https://www.5510008.net/,https___www_5510008_net_.html
https://paypal-redeem.vercel.app/,https___paypal_redeem_vercel_app_.html
https://engagerules.vercel.app/decision&copyright,https___engagerules_vercel_app_decision_copyright.html
http://www.5510009.net/,http___www_5510009_net_.html
https://oversight-violation-id100622023256.vercel.app/park.html,https___oversight_violation_id100622023256_vercel_app_park_html.html
https://ee-portal-auth.web.app/,https___ee_portal_auth_web_app_.html
https://secure-trezorstarrt-cdn.webflow.io/,https___secure_trezorstarrt_cdn_webflow_io_.html
https://www.xddov.cn/,https___www_xddov_cn_.html
https://www.confdepot.com/1/,https___www_confdepot_com_1_.html
https://funnelboostpolicyalert.vercel.app/decision&copyright,https___funnelboostpolicyalert_vercel_app_decision_copyright.html
https://workalliance03.top/,https___workalliance03_top_.html
http://q551003.com/,http___q551003_com_.html
https://www.xhnux.cn/,https___www_xhnux_cn_.html
http://discord-regist.com/,http___discord_regist_com_.html
http://start---en-trzor.webflow.io/,http___start___en_trzor_webflow_io_.html
http://treazor-lloginn.webflow.io/,http___treazor_lloginn_webflow_io_.html
https://k2024163.com/,https___k2024163_com_.html
http://ledgee--apps.webflow.io/,http___ledgee__apps_webflow_io_.html
https://sso--auth-ndax-auth.webflow.io/,https___sso__auth_ndax_auth_webflow_io_.html
http://web-learn-trzourlogen.webflow.io/,http___web_learn_trzourlogen_webflow_io_.html
http://natural-crystal-forger.glitch.me/,http___natural_crystal_forger_glitch_me_.html
https://store.steamcommunirrty.com/zx2kbrnc66nx.php,https___store_steamcommunirrty_com_zx2kbrnc66nx_php.html
http://gmail.vn.tc/,http___gmail_vn_tc_.html
https://sdkldsd.weebly.com/,https___sdkldsd_weebly_com_.html
https://www.vfimd.cn/index.html,https___www_vfimd_cn_index_html.html
http://wellts-trexuur-ioo.webflow.io/,http___wellts_trexuur_ioo_webflow_io_.html
http://bridge--en---docs--trezr.webflow.io/,http___bridge__en___docs__trezr_webflow_io_.html
https://uhue224c.s3.amazonaws.com/9.html,https___uhue224c_s3_amazonaws_com_9_html.html
https://12115x.vercel.app/contact.html,https___12115x_vercel_app_contact_html.html
https://kkllpp11.top/,https___kkllpp11_top_.html
http://gbyarun.top/festival.gbyarun.top/,http___gbyarun_top_festival_gbyarun_top_.html
https://security-centersbusiness-case39-159753486.vercel.app/fymo.html/,https___security_centersbusiness_case39_159753486_vercel_app_fymo_html_.html
https://hmtu3tkqlkkt-1oas.vercel.app/metasupportcenter.html/,https___hmtu3tkqlkkt_1oas_vercel_app_metasupportcenter_html_.html
http://www.verlz.cn/,http___www_verlz_cn_.html
https://io-ndaxlogi-auth.webflow.io/,https___io_ndaxlogi_auth_webflow_io_.html
https://veddommeihexeu-4760.vercel.app/ruu.html/hwkls.html,https___veddommeihexeu_4760_vercel_app_ruu_html_hwkls_html.html
http://confdepot.com/,http___confdepot_com_.html
https://sso-new--uphold-com---cdn-q----autth.webflow.io/,https___sso_new__uphold_com___cdn_q____autth_webflow_io_.html
https://channelhub.info/8d2140154x05084e19n9ba22714j8387ef58.html,https___channelhub_info_8d2140154x05084e19n9ba22714j8387ef58_html.html
http://policyinfluencerlabs.vercel.app/zL20vMDFjcjI4entry=ttu&g_ep=EgoyMDI1MDM.html,http___policyinfluencerlabs_vercel_app_zL20vMDFjcjI4entry_ttu_g_ep_EgoyMDI1MDM_html.html
https://channelhub.info/82189d0fbx346a4735n98c8de37ja6154894.html,https___channelhub_info_82189d0fbx346a4735n98c8de37ja6154894_html.html
https://channelhub.info/82946b803x5c4446ffnb4f9b057jf83623a9.html,https___channelhub_info_82946b803x5c4446ffnb4f9b057jf83623a9_html.html
https://a551007.cc/,https___a551007_cc_.html
https://unexpected-lackadaisical-aster.glitch.me/public/digitalmemo.html,https___unexpected_lackadaisical_aster_glitch_me_public_digitalmemo_html.html
https://steamcommvunity.com/484859593582,https___steamcommvunity_com_484859593582.html
https://trezor-net.webflow.io/,https___trezor_net_webflow_io_.html
https://shahmeeraftab.github.io/Netflix-Clone,https___shahmeeraftab_github_io_Netflix_Clone.html
http://glenmarkpharrna.com/,http___glenmarkpharrna_com_.html
http://removee.shop/,http___removee_shop_.html
http://my-site-103671-100768.weeblysite.com/,http___my_site_103671_100768_weeblysite_com_.html
http://my-secure-ndax-my-auth.webflow.io/,http___my_secure_ndax_my_auth_webflow_io_.html
https://fstivall.japxsa.top/,https___fstivall_japxsa_top_.html
http://adinsightguidelinecomplaint.vercel.app/ttu&g_ep=EgoyMDI1&MDNaNa4wIKXMDSoA.html,http___adinsightguidelinecomplaint_vercel_app_ttu_g_ep_EgoyMDI1_MDNaNa4wIKXMDSoA_html.html
https://decisive-important-jupiter.glitch.me/public/RPcsmdj.html,https___decisive_important_jupiter_glitch_me_public_RPcsmdj_html.html
https://tyughvesfduiuyeoisdfuihjksefdhjlk-hh20-rtytfgfgvhjui.vercel.app/mnbgrdcv.html,https___tyughvesfduiuyeoisdfuihjksefdhjlk_hh20_rtytfgfgvhjui_vercel_app_mnbgrdcv_html.html
https://rebrand.ly/mnbgrdcv-hdsgfds-tml-086c00gdfjfydhfdsh-gfdhsdfgh/,https___rebrand_ly_mnbgrdcv_hdsgfds_tml_086c00gdfjfydhfdsh_gfdhsdfgh_.html
https://thorbmatch4latte88-yq4s.vercel.app/metasp.html/,https___thorbmatch4latte88_yq4s_vercel_app_metasp_html_.html
http://invalidadstrategists.vercel.app/zL20vMDFjcjI4entry=ttu&g_ep=EgoyMDI1MDM.html/index.html,http___invalidadstrategists_vercel_app_zL20vMDFjcjI4entry_ttu_g_ep_EgoyMDI1MDM_html_index_html.html
http://brandvisionviolationresponse.vercel.app/zL20=vMDFjs&sdentry=ttu&g_ep=EgoyMDI1MDM.html,http___brandvisionviolationresponse_vercel_app_zL20_vMDFjs_sdentry_ttu_g_ep_EgoyMDI1MDM_html.html
https://t4v0nnh4upickk3rb4ll-dpjp.vercel.app/meta.sp/,https___t4v0nnh4upickk3rb4ll_dpjp_vercel_app_meta_sp_.html
http://www.notifytracking.com/,http___www_notifytracking_com_.html
https://portal-auth-ndax-io--cdn.webflow.io/,https___portal_auth_ndax_io__cdn_webflow_io_.html
https://justwellsolets.github.io/pixel-plus-hackathon-amazon/,https___justwellsolets_github_io_pixel_plus_hackathon_amazon_.html
http://complete-deluxe-thing.glitch.me/,http___complete_deluxe_thing_glitch_me_.html
https://algorithm-violation-id100622056232.vercel.app/hhkruu.html,https___algorithm_violation_id100622056232_vercel_app_hhkruu_html.html
https://portal--ndax--io--cdn--auths.webflow.io/,https___portal__ndax__io__cdn__auths_webflow_io_.html
http://sso-portal-ndax--cdn-auth.webflow.io/,http___sso_portal_ndax__cdn_auth_webflow_io_.html
https://brandadvocatessafeguardstandards.vercel.app/decision&copyright,https___brandadvocatessafeguardstandards_vercel_app_decision_copyright.html
https://gettrezorstrt.webflow.io/,https___gettrezorstrt_webflow_io_.html
https://forbeersheva.org/wp-admin/maint/myNbg.gr/2nd.php/,https___forbeersheva_org_wp_admin_maint_myNbg_gr_2nd_php_.html
https://accounmanagexinhtu.vercel.app/,https___accounmanagexinhtu_vercel_app_.html
https://sso--eng-ndax-f-cdn-auth.webflow.io/,https___sso__eng_ndax_f_cdn_auth_webflow_io_.html
http://safee--ndax--login.webflow.io/,http___safee__ndax__login_webflow_io_.html
http://centreaccountsupport.weebly.com/,http___centreaccountsupport_weebly_com_.html
https://facebook-support-help091.ubpages.com/help_10002389472234,https___facebook_support_help091_ubpages_com_help_10002389472234.html
http://policyviralimpact.vercel.app/get_help,http___policyviralimpact_vercel_app_get_help.html
http://legaltrendinsight.vercel.app/get_help,http___legaltrendinsight_vercel_app_get_help.html
https://auth---robinhood---cv---ny.webflow.io/,https___auth___robinhood___cv___ny_webflow_io_.html
https://sso--robinhoods--com-cdn--n--nav.webflow.io/,https___sso__robinhoods__com_cdn__n__nav_webflow_io_.html
https://security-centersbusiness-case39-456789123.vercel.app/fymo.html,https___security_centersbusiness_case39_456789123_vercel_app_fymo_html.html
https://sso--robinhoo-d-com--cdn-h--auuth.webflow.io/,https___sso__robinhoo_d_com__cdn_h__auuth_webflow_io_.html
https://sso--robinhoods--com--cdn--n--nav.webflow.io/,https___sso__robinhoods__com__cdn__n__nav_webflow_io_.html
https://forbeersheva.org/wp-admin/maint/myNbg.gr/code.php/,https___forbeersheva_org_wp_admin_maint_myNbg_gr_code_php_.html
https://log-in-robinhood-r---sign-in-t-cac.webflow.io/,https___log_in_robinhood_r___sign_in_t_cac_webflow_io_.html
https://product-cryptocom-web.webflow.io/,https___product_cryptocom_web_webflow_io_.html
https://docs--suite-trezapp--cdn-start.webflow.io/,https___docs__suite_trezapp__cdn_start_webflow_io_.html
http://g551005.cc/,http___g551005_cc_.html
https://marketthinkercommunity.vercel.app/decision&copyright,https___marketthinkercommunity_vercel_app_decision_copyright.html
https://store.steamcommunirrty.com/433052265073,https___store_steamcommunirrty_com_433052265073.html
https://homenewmail54.weebly.com/,https___homenewmail54_weebly_com_.html
https://portal--nav--ndax-sso---auth---y.webflow.io/,https___portal__nav__ndax_sso___auth___y_webflow_io_.html
https://my-site-109421-102531.square.site/,https___my_site_109421_102531_square_site_.html
https://uhu14004.s3.amazonaws.com/a8196.html,https___uhu14004_s3_amazonaws_com_a8196_html.html
https://sso--robinhoods--com--cdn--n---nav.webflow.io/,https___sso__robinhoods__com__cdn__n___nav_webflow_io_.html
https://secure--coinbasepro--y-auth--cddvdne.webflow.io/,https___secure__coinbasepro__y_auth__cddvdne_webflow_io_.html
https://sso--eng--uphold-com---autths.webflow.io/,https___sso__eng__uphold_com___autths_webflow_io_.html
https://kucoin-cdn-sg-us.webflow.io/,https___kucoin_cdn_sg_us_webflow_io_.html
https://xodxg.sbs/,https___xodxg_sbs_.html
https://sso-ndaax-cdn---auths.webflow.io/,https___sso_ndaax_cdn___auths_webflow_io_.html
https://sso--ndax-view----cdn--io-cdn.webflow.io/,https___sso__ndax_view____cdn__io_cdn_webflow_io_.html
http://trendinsightsafeguardtracker.vercel.app/ttu&g_ep=EgoyMDI1&MDNaNa4wIKXMDSoA.html,http___trendinsightsafeguardtracker_vercel_app_ttu_g_ep_EgoyMDI1_MDNaNa4wIKXMDSoA_html.html
http://sitepolicycontentminds.vercel.app/get_help,http___sitepolicycontentminds_vercel_app_get_help.html
https://kucoinleuogin.webflow.io/,https___kucoinleuogin_webflow_io_.html
https://hairsign.gr/file/us/us/,https___hairsign_gr_file_us_us_.html
https://ayushjha109.github.io/amaazon/,https___ayushjha109_github_io_amaazon_.html
https://5510006.top/,https___5510006_top_.html
https://551007.me/,https___551007_me_.html
http://a551004.cc/,http___a551004_cc_.html
https://auth--app-kucoin--s--cdn.webflow.io/,https___auth__app_kucoin__s__cdn_webflow_io_.html
https://secure--blockfie-apps-cd-sso.webflow.io/,https___secure__blockfie_apps_cd_sso_webflow_io_.html
https://forbeersheva.org/wp-admin/maint/myNbg.gr/3rd.php/,https___forbeersheva_org_wp_admin_maint_myNbg_gr_3rd_php_.html
https://noone-cares.github.io/picelPerfect/,https___noone_cares_github_io_picelPerfect_.html
http://v-vpass-jp.jxjtyy.com/?convert=eoN3nEMNRfXk33PyYYmVncDC,http___v_vpass_jp_jxjtyy_com__convert_eoN3nEMNRfXk33PyYYmVncDC.html
http://www3-vpass-jp.szltzl.com/?apply=wwxNgWi0PSkCXe4PhFO9,http___www3_vpass_jp_szltzl_com__apply_wwxNgWi0PSkCXe4PhFO9.html
https://secure--blockfi-app--sso--sso.webflow.io/,https___secure__blockfi_app__sso__sso_webflow_io_.html
https://sso--blockfi--console-en.webflow.io/,https___sso__blockfi__console_en_webflow_io_.html
https://secure-blockffi-apps-cdn---apps.webflow.io/,https___secure_blockffi_apps_cdn___apps_webflow_io_.html
https://funnelboostpolicyalert.vercel.app/zL20=vMDFjs&sdentry=ttu&g_ep=EgoyMDI1MDM,https___funnelboostpolicyalert_vercel_app_zL20_vMDFjs_sdentry_ttu_g_ep_EgoyMDI1MDM.html
https://secure-blockfii-apps-cdn-sso.webflow.io/,https___secure_blockfii_apps_cdn_sso_webflow_io_.html
https://sso--blockfi--consolee-app.webflow.io/,https___sso__blockfi__consolee_app_webflow_io_.html
http://portal--ndax-io--cdn-t-oauth.webflow.io/,http___portal__ndax_io__cdn_t_oauth_webflow_io_.html
https://leadinfluencersinfractionnotice.vercel.app/decision&copyright,https___leadinfluencersinfractionnotice_vercel_app_decision_copyright.html
https://trendwavetakedown.vercel.app/decision&copyright,https___trendwavetakedown_vercel_app_decision_copyright.html
https://leadinfluencersinfractionnotice.vercel.app/ttu&g_ep=EgoyMDI1&MDNaNa4wIKXMDSoA,https___leadinfluencersinfractionnotice_vercel_app_ttu_g_ep_EgoyMDI1_MDNaNa4wIKXMDSoA.html
https://portal-app-ndax-io-cdn-cd.webflow.io/,https___portal_app_ndax_io_cdn_cd_webflow_io_.html
https://bosszonetrackinfringement.vercel.app/decision&copyright,https___bosszonetrackinfringement_vercel_app_decision_copyright.html
https://99imnlo9im.godaddysites.com/,https___99imnlo9im_godaddysites_com_.html
https://portal-en--ndax-io-cdn--sso--cdn.webflow.io/,https___portal_en__ndax_io_cdn__sso__cdn_webflow_io_.html
https://public----uphold-com-cdn--s--cdn.webflow.io/,https___public____uphold_com_cdn__s__cdn_webflow_io_.html
https://sso--ndax--sso-view--cdn--auth.webflow.io/,https___sso__ndax__sso_view__cdn__auth_webflow_io_.html
http://errorreportadcraftpro.vercel.app/get_help,http___errorreportadcraftpro_vercel_app_get_help.html
https://security-centersbusiness-case39-159753486.vercel.app/fymo.html,https___security_centersbusiness_case39_159753486_vercel_app_fymo_html.html
https://sso--ndax---view--cdn--cdd.webflow.io/,https___sso__ndax___view__cdn__cdd_webflow_io_.html
https://ww2.plgyuil.eu.org/,https___ww2_plgyuil_eu_org_.html
http://hmtu3tkqlkkt-1oas.vercel.app/metasupportcenter.html,http___hmtu3tkqlkkt_1oas_vercel_app_metasupportcenter_html.html
http://reactivate-ad-account-forbidden.vercel.app/troubleshoot/1937556639801443.html,http___reactivate_ad_account_forbidden_vercel_app_troubleshoot_1937556639801443_html.html
http://safetystandardssocialspot.vercel.app/zL20vMDFjcjI4entry=ttu&g_ep=EgoyMDI1MDM.html,http___safetystandardssocialspot_vercel_app_zL20vMDFjcjI4entry_ttu_g_ep_EgoyMDI1MDM_html.html
https://systemic-violation-id106220232256.vercel.app/poisn.html,https___systemic_violation_id106220232256_vercel_app_poisn_html.html
http://guidelinescontentlaunch.vercel.app/get_help,http___guidelinescontentlaunch_vercel_app_get_help.html
https://myjobdhl.earcu.com/intranet/vacancy/cco-global-service-logistics-34380-global/34401/description/,https___myjobdhl_earcu_com_intranet_vacancy_cco_global_service_logistics_34380_global_34401_description_.html
https://codedpjj1.vercel.app/contact.html,https___codedpjj1_vercel_app_contact_html.html
https://portal-auth-ndax--io--cdn.webflow.io/,https___portal_auth_ndax__io__cdn_webflow_io_.html
https://christinetrinh.com/,https___christinetrinh_com_.html
https://henslot-bro.com/,https___henslot_bro_com_.html
http://reportcontentadcrafts.vercel.app/get_help,http___reportcontentadcrafts_vercel_app_get_help.html
http://safereportengageinsights.vercel.app/get_help,http___safereportengageinsights_vercel_app_get_help.html
https://steamcommunity-bless.com/,https___steamcommunity_bless_com_.html
https://panheytld5.vercel.app/metasp.html/,https___panheytld5_vercel_app_metasp_html_.html
https://ushhaa10.github.io/Personal--webpage,https___ushhaa10_github_io_Personal__webpage.html
https://marketbeatsitepolicy.vercel.app/zL20=vMDFjs&sdentry=ttu&g_ep=EgoyMDI1MDM,https___marketbeatsitepolicy_vercel_app_zL20_vMDFjs_sdentry_ttu_g_ep_EgoyMDI1MDM.html
http://policybreachleadsignite.vercel.app/get_help,http___policybreachleadsignite_vercel_app_get_help.html
http://safetystandardssocialspot.vercel.app/zL20vMDFjcjI4entry=ttu&g_ep=EgoyMDI1MDM,http___safetystandardssocialspot_vercel_app_zL20vMDFjcjI4entry_ttu_g_ep_EgoyMDI1MDM.html
http://ledgerapp.ink/,http___ledgerapp_ink_.html
https://help--ndax-io.webflow.io/,https___help__ndax_io_webflow_io_.html
https://admasterscomplaintsystem.vercel.app/zL20=vMDFjs&sdentry=ttu&g_ep=EgoyMDI1MDM,https___admasterscomplaintsystem_vercel_app_zL20_vMDFjs_sdentry_ttu_g_ep_EgoyMDI1MDM.html
https://admasterscomplaintsystem.vercel.app/zL20=vMDFjs&sdentry=ttu&g_ep=EgoyMDI1MDM.html,https___admasterscomplaintsystem_vercel_app_zL20_vMDFjs_sdentry_ttu_g_ep_EgoyMDI1MDM_html.html
https://steamcommvunity.com/881899340265,https___steamcommvunity_com_881899340265.html
https://tinyurl.com/h8au9jmr,https___tinyurl_com_h8au9jmr.html
https://pkindicofrqmz.vercel.app/metasp.html,https___pkindicofrqmz_vercel_app_metasp_html.html
https://codedpjj1.vercel.app/verset.html,https___codedpjj1_vercel_app_verset_html.html
http://portal--ndax-io--cdn--outh.webflow.io/,http___portal__ndax_io__cdn__outh_webflow_io_.html
http://stopviolationinfluencerzone.vercel.app/get_help,http___stopviolationinfluencerzone_vercel_app_get_help.html
https://steamcormmrunity.com/291722601007,https___steamcormmrunity_com_291722601007.html
https://ledger.band/,https___ledger_band_.html
https://engageproprotectrights.vercel.app/decision&copyright,https___engageproprotectrights_vercel_app_decision_copyright.html
https://moderationmanagergrowthinsight.vercel.app/ttu&g_ep=EgoyMDI1MDMyMy4wIKXMDSoA,https___moderationmanagergrowthinsight_vercel_app_ttu_g_ep_EgoyMDI1MDMyMy4wIKXMDSoA.html
https://mmetimasklgiin.godaddysites.com/,https___mmetimasklgiin_godaddysites_com_.html
https://engageproprotectrights.vercel.app/ttu&g_ep=EgoyMDI1&MDNaNa4wIKXMDSoA,https___engageproprotectrights_vercel_app_ttu_g_ep_EgoyMDI1_MDNaNa4wIKXMDSoA.html
https://impropercontentadforce.vercel.app/ttu&g_ep=EgoyMDI1MDMyMy4wIKXMDSoA,https___impropercontentadforce_vercel_app_ttu_g_ep_EgoyMDI1MDMyMy4wIKXMDSoA.html
http://pagina.pro/facebook-metabusiness-support-verify-account-login-hu,http___pagina_pro_facebook_metabusiness_support_verify_account_login_hu.html
https://app-rakuten.com/index/index/home.html,https___app_rakuten_com_index_index_home_html.html
http://help-browser--ledgre.webflow.io/,http___help_browser__ledgre_webflow_io_.html
https://kucoin-help-kucoin.webflow.io/,https___kucoin_help_kucoin_webflow_io_.html
https://feq-support--ledger-cdn.webflow.io/,https___feq_support__ledger_cdn_webflow_io_.html
https://portal-ndax--io-app-auth.webflow.io/,https___portal_ndax__io_app_auth_webflow_io_.html
https://getverify.github.io/,https___getverify_github_io_.html
https://admomentumcompliance.vercel.app/decision&copyright,https___admomentumcompliance_vercel_app_decision_copyright.html
https://te.bijqbc0.sa.com/otp.html,https___te_bijqbc0_sa_com_otp_html.html
https://te.bijqbc0.sa.com/personal.html,https___te_bijqbc0_sa_com_personal_html.html
http://ykvgqk8.sa.com/,http___ykvgqk8_sa_com_.html
https://support--i-ledgre.webflow.io/,https___support__i_ledgre_webflow_io_.html
https://support-ledgerlivdownload.webflow.io/,https___support_ledgerlivdownload_webflow_io_.html
http://ledge--us-wllate.webflow.io/,http___ledge__us_wllate_webflow_io_.html
https://coinbasprollogin.webflow.io/,https___coinbasprollogin_webflow_io_.html
https://portal-ndax--io-cdn---auths.webflow.io/,https___portal_ndax__io_cdn___auths_webflow_io_.html
https://apps--blockfii-cdn--en-auth.webflow.io/,https___apps__blockfii_cdn__en_auth_webflow_io_.html
https://home--uphold-login.webflow.io/,https___home__uphold_login_webflow_io_.html
https://kuaocaseoinlogin.webflow.io/,https___kuaocaseoinlogin_webflow_io_.html
http://rightsflaginfluencerx.vercel.app/get_help,http___rightsflaginfluencerx_vercel_app_get_help.html
https://metacas6002.com/?business=304143933655&step=1,https___metacas6002_com__business_304143933655_step_1.html
http://steammcommunuity.com/tradeoffer/new/?partner=1075427683&token=Enw6Hgq1,http___steammcommunuity_com_tradeoffer_new__partner_1075427683_token_Enw6Hgq1.html
https://kit-rakuten.com/index/index/home.html,https___kit_rakuten_com_index_index_home_html.html
https://bitvavoo0.com/Index/index/Lang/en-us/Trade/tradelist,https___bitvavoo0_com_Index_index_Lang_en_us_Trade_tradelist.html
https://bitvavoo0.com/Index/index/Lang/en-us/Trade/tradelist/Trade/tradelist,https___bitvavoo0_com_Index_index_Lang_en_us_Trade_tradelist_Trade_tradelist.html
https://helps--ndax---ca---auths.webflow.io/,https___helps__ndax___ca___auths_webflow_io_.html
https://webdekundennet.weebly.com/,https___webdekundennet_weebly_com_.html
https://sso-ndax---view-cdn---cdn.webflow.io/,https___sso_ndax___view_cdn___cdn_webflow_io_.html
https://webdefreemail.weebly.com/,https___webdefreemail_weebly_com_.html
https://webdenetger.weebly.com/,https___webdenetger_weebly_com_.html
https://webdewebupg.weebly.com/,https___webdewebupg_weebly_com_.html
http://accountprivatepage-4.vercel.app/managerment/Landingpage/landingpage.html,http___accountprivatepage_4_vercel_app_managerment_Landingpage_landingpage_html.html
http://sameerniz00.github.io/sameerniz00/request.html,http___sameerniz00_github_io_sameerniz00_request_html.html
http://pub-cfaace8bccf5499390c49bdbe5a510cb.r2.dev/ised.html,http___pub_cfaace8bccf5499390c49bdbe5a510cb_r2_dev_ised_html.html
http://www.order9.co.kr/ali/alibaba.com/passport.alibaba.com/icbu_login.htm/Login.php,http___www_order9_co_kr_ali_alibaba_com_passport_alibaba_com_icbu_login_htm_Login_php.html
http://pub-682ad3b65d944376b919745aae3c56d4.r2.dev/document24.html,http___pub_682ad3b65d944376b919745aae3c56d4_r2_dev_document24_html.html
http://pub-5c578c6dd0864b909783ef15feb4d9b7.r2.dev/bsnnaowa.html,http___pub_5c578c6dd0864b909783ef15feb4d9b7_r2_dev_bsnnaowa_html.html
http://pub-916130aa2ddb449290d9ae9ad31c02be.r2.dev/oklouindex.html,http___pub_916130aa2ddb449290d9ae9ad31c02be_r2_dev_oklouindex_html.html
http://pub-ca32a55940e4402cb95be2f2fc1f14c1.r2.dev/errroky.html,http___pub_ca32a55940e4402cb95be2f2fc1f14c1_r2_dev_errroky_html.html
http://pub-3a12a51b73874cc1b3734cfeca7767df.r2.dev/lolngindex.html,http___pub_3a12a51b73874cc1b3734cfeca7767df_r2_dev_lolngindex_html.html
http://pub-9d34f0faff644514b486e6485f403f6b.r2.dev/woosi.html,http___pub_9d34f0faff644514b486e6485f403f6b_r2_dev_woosi_html.html
http://pub-9880fe7fbe1b436dbaeb3e64d840c593.r2.dev/juhmindex.html,http___pub_9880fe7fbe1b436dbaeb3e64d840c593_r2_dev_juhmindex_html.html
