url,html_filename
http://www.teramill.com,www.teramill.com.html
http://www.f0519141.xsph.ru,www.f0519141.xsph.ru.html
https://service-mitld.firebaseapp.com/,service-mitld.firebaseapp.com_.html
https://liuy-9a930.web.app/,liuy-9a930.web.app_.html
https://ipfs.io/ipfs/qmrvvyr84esa2assw9vvwupqjgsdn4c3dwkusfdwzdz3kn?clientid=noc@protocol.ai,ipfs.io_ipfs_qmrvvyr84esa2assw9vvwupqjgsdn4c3dwkusfdwzdz3knclientid_noc_protocol.ai.html
https://hidok4f8zl.firebaseapp.com/,hidok4f8zl.firebaseapp.com_.html
http://www.ooguy.com,www.ooguy.com.html
https://mechinchem-5cb8a.web.app/,mechinchem-5cb8a.web.app_.html
https://fb-restriction-case-97be5.web.app/,fb-restriction-case-97be5.web.app_.html
https://www.southbankmosaics.com,www.southbankmosaics.com.html
https://www.uni-mainz.de,www.uni-mainz.de.html
https://www.voicefmradio.co.uk,www.voicefmradio.co.uk.html
https://www.sfnmjournal.com,www.sfnmjournal.com.html
https://www.rewildingargentina.org,www.rewildingargentina.org.html
https://www.globalreporting.org,www.globalreporting.org.html
https://www.saffronart.com,www.saffronart.com.html
https://www.nerdscandy.com,www.nerdscandy.com.html
https://www.hyderabadonline.in,www.hyderabadonline.in.html
https://www.aap.org,www.aap.org.html
https://www.religionenlibertad.com,www.religionenlibertad.com.html
https://www.socialpolicy.org,www.socialpolicy.org.html
https://www.aoh61.com,www.aoh61.com.html
http://www.teramill.com,www.teramill.com.html
http://www.ooguy.com,www.ooguy.com.html
http://www.komaru.today,www.komaru.today.html
https://dev-634536.pantheonsite.io/,dev-634536.pantheonsite.io_.html
http://www.cjplogger.com,www.cjplogger.com.html
http://www.erlegen.de,www.erlegen.de.html
https://auth-document-shared.datingg-voice.workers.dev/,auth-document-shared.datingg-voice.workers.dev_.html
http://www.b7a3a060b75c7dcba9c1078d4ead51f0dc.ws,www.b7a3a060b75c7dcba9c1078d4ead51f0dc.ws.html
http://198.98.58.123/,198.98.58.123_.html
http://www.aresync.com,www.aresync.com.html
http://www.jab.oss-ap-southeast-1.aliyuncs.com,www.jab.oss-ap-southeast-1.aliyuncs.com.html
http://www.constructiongst.com,www.constructiongst.com.html
http://glaze-maple-pantry.glitch.me/link.html,glaze-maple-pantry.glitch.me_link.html.html
http://www.l3a40b16a45b1120615b5d1cc655d7da4a.ws,www.l3a40b16a45b1120615b5d1cc655d7da4a.ws.html
http://www.fgurb.cannca.shop,www.fgurb.cannca.shop.html
http://www.bsd.fbcode.co,www.bsd.fbcode.co.html
http://www.stmfl.com,www.stmfl.com.html
http://www.madpath.com,www.madpath.com.html
http://www.mail-nepalarmy-mil-np-login-download.netlify.app,www.mail-nepalarmy-mil-np-login-download.netlify.app.html
http://www.hfdkegjsd.ru.xsph.ru,www.hfdkegjsd.ru.xsph.ru.html
http://www.wifizone.org,www.wifizone.org.html
http://vinted-pl-gj32d.lanru.top/authorize/1662975258698217,vinted-pl-gj32d.lanru.top_authorize_1662975258698217.html
https://objectstorage.ap-singapore-1.oraclecloud.com/n/axo19n6cjxrb/b/bucket-20230214-2330/o/bigialopopoqueueindex.html,objectstorage.ap-singapore-1.oraclecloud.com_n_axo19n6cjxrb_b_bucket-20230214-2330_o_bigialopopoqueueindex.html.html
http://www.play.stream.vidzi.tv,www.play.stream.vidzi.tv.html
http://www.mw.lt,www.mw.lt.html
https://storageapi.fleek.co/0c4f1bc1-9bd4-4d7b-89b5-a58736a465bd-bucket/customindex.html,storageapi.fleek.co_0c4f1bc1-9bd4-4d7b-89b5-a58736a465bd-bucket_customindex.html.html
https://s.id/tanaktualisierung,s.id_tanaktualisierung.html
https://www.faewood.com,www.faewood.com.html
http://www.tradeadspace.info,www.tradeadspace.info.html
http://dorainsurance.com/auth.php?md=rougtfxanjhlhnskbpqm&rougtfxanjhlhnskbpqm,dorainsurance.com_auth.phpmd_rougtfxanjhlhnskbpqm_rougtfxanjhlhnskbpqm.html
https://objectstorage.eu-frankfurt-1.oraclecloud.com/n/frqb89kadgqt/b/56657483933/o/microsoftonline.htm,objectstorage.eu-frankfurt-1.oraclecloud.com_n_frqb89kadgqt_b_56657483933_o_microsoftonline.htm.html
http://www.multipoolminer.io,www.multipoolminer.io.html
https://tiny.one/ing9488,tiny.one_ing9488.html
https://roundcube-updatealx.web.app/,roundcube-updatealx.web.app_.html
http://43.134.167.94/servicelogin?passive=1209600&amp;continue=https://accounts.google.com/?&amp;xrealip=107.178.232.242&amp;followup=https://accounts.google.com/?&amp;xrealip=107.178.232.242,43.134.167.94_serviceloginpassive_1209600_amp_continue_https___accounts.google.com___amp_xrealip_107.178.232.242_amp_followup_https___accounts.google.com___amp_xrealip_107.178.232.242.html
https://docs.google.com/forms/d/1casphevkfdaz2okqj70wdai3pdwwg1weh_rpk9v0z3a/viewform,docs.google.com_forms_d_1casphevkfdaz2okqj70wdai3pdwwg1weh_rpk9v0z3a_viewform.html
https://vistory.com/wordpress/wp-content/plugins/f30d43ea1d474f2cbb0d9e5611b16702/y/mm/mmd/sbbch/7wa-taboun/,vistory.com_wordpress_wp-content_plugins_f30d43ea1d474f2cbb0d9e5611b16702_y_mm_mmd_sbbch_7wa-taboun_.html
http://www.dcpan.blocktrail.com,www.dcpan.blocktrail.com.html
https://www.info-saiisosn-cards.txjmxfa.cn/web/sign,www.info-saiisosn-cards.txjmxfa.cn_web_sign.html
http://www.komaru.today,www.komaru.today.html
http://dorainsurance.com/auth.php?md=rougtfxanjhlhnskbpqm&rougtfxanjhlhnskbpqm,dorainsurance.com_auth.phpmd_rougtfxanjhlhnskbpqm_rougtfxanjhlhnskbpqm.html
http://www.clinicafresa20.com,www.clinicafresa20.com.html
https://is.gd/bhb74h,is.gd_bhb74h.html
http://www.keliweb.it,www.keliweb.it.html
https://poscaro.firebaseapp.com/,poscaro.firebaseapp.com_.html
https://s3.ap-southeast-1.wasabisys.com/mailbusiness/appsuite/tlyappioox/mailfolderdefault9/inbox.html#redacted@abuse.ionos.com,s3.ap-southeast-1.wasabisys.com_mailbusiness_appsuite_tlyappioox_mailfolderdefault9_inbox.html.html
http://www.alnooncars-kw.com,www.alnooncars-kw.com.html
http://www.ws030.hemnes.win,www.ws030.hemnes.win.html
http://www.asegzawal.com,www.asegzawal.com.html
http://www.rator.oss-ap-southeast-5.aliyuncs.com,www.rator.oss-ap-southeast-5.aliyuncs.com.html
http://www.glassesofwine.com,www.glassesofwine.com.html
http://www.unblock-proxy.com,www.unblock-proxy.com.html
http://www.noc.su,www.noc.su.html
http://www.clientcentre.net,www.clientcentre.net.html
https://bio.site/h3h84j9f59jf84j674bnf7s2,bio.site_h3h84j9f59jf84j674bnf7s2.html
http://www.whoer.net,www.whoer.net.html
https://jnlklknlknlk.agilecrm.com/landing/5390662233292800,jnlklknlknlk.agilecrm.com_landing_5390662233292800.html
http://www.christopher-cloos.com,www.christopher-cloos.com.html
http://www.hnsmhbkj.com,www.hnsmhbkj.com.html
https://yodsecinserv.firebaseapp.com/,yodsecinserv.firebaseapp.com_.html
http://www.kovasrot.cz,www.kovasrot.cz.html
http://www.spiritsoundart.net,www.spiritsoundart.net.html
https://bankkofameriicalogin.accountnotificationupdate.workers.dev/,bankkofameriicalogin.accountnotificationupdate.workers.dev_.html
http://www.reco.ws,www.reco.ws.html
http://www.ecolerubanvert.com,www.ecolerubanvert.com.html
https://app.box.com/s/x6agocx9zvj049azirk4aw3xrqdedqhl,app.box.com_s_x6agocx9zvj049azirk4aw3xrqdedqhl.html
https://storageapi.fleek.co/b620e7da-f4f5-4e6e-8d8e-8c4c3783180b-bucket/vat11/index.html#a@b.com,storageapi.fleek.co_b620e7da-f4f5-4e6e-8d8e-8c4c3783180b-bucket_vat11_index.html.html
https://shrtco.de/1d9yeo,shrtco.de_1d9yeo.html
http://www.thomasreany.com,www.thomasreany.com.html
http://www.silverbell.000space.com,www.silverbell.000space.com.html
http://www.tzafrir.org.il,www.tzafrir.org.il.html
https://next-pail.surge.sh/,next-pail.surge.sh_.html
https://vitotvo.com/wp-admin/abd/adobe/be,vitotvo.com_wp-admin_abd_adobe_be.html
http://www.lwac.com,www.lwac.com.html
http://centrica.comrqzrofxnhwwgrqzrofrofxnhwagx2nfse2nfagx2nfsesewxnhwagxwgrqzg.mustaccio.com/0.php#ywnjb3vudhnay2vudhjpy2euy29t,centrica.comrqzrofxnhwwgrqzrofrofxnhwagx2nfse2nfagx2nfsesewxnhwagxwgrqzg.mustaccio.com_0.php.html
https://docs.google.com/forms/d/e/1faipqlscckv1-rxhipcmrhnwfvq2lhuxx18nzcm1e7e0oz8ienixtgw/viewform,docs.google.com_forms_d_e_1faipqlscckv1-rxhipcmrhnwfvq2lhuxx18nzcm1e7e0oz8ienixtgw_viewform.html
http://www.crypto-pool.fr,www.crypto-pool.fr.html
https://serviceadhelpmeta.web.app/,serviceadhelpmeta.web.app_.html
http://www.semanariolaprensa.com,www.semanariolaprensa.com.html
https://etiliseramik.com/wp-includes/vector/login.htm,etiliseramik.com_wp-includes_vector_login.htm.html
https://track-id0909.web.app/,track-id0909.web.app_.html
https://storageapi.fleek.co/81afb5cf-a9a6-46c4-b299-bbea059339bc-bucket/frfrfrfrfrfrf/beta10.html,storageapi.fleek.co_81afb5cf-a9a6-46c4-b299-bbea059339bc-bucket_frfrfrfrfrfrf_beta10.html.html
http://www.yellowleos.phpnet.us,www.yellowleos.phpnet.us.html
http://www.karizcustomizeme.com,www.karizcustomizeme.com.html
https://mail-101591.weeblysite.com/,mail-101591.weeblysite.com_.html
http://www.kohhd.com,www.kohhd.com.html
http://www.mail-king.com,www.mail-king.com.html
https://storageapi.fleek.co/f93bbabc-c9fe-416b-9895-abc3c414d6f4-bucket/tec11/index.html#a@b.com,storageapi.fleek.co_f93bbabc-c9fe-416b-9895-abc3c414d6f4-bucket_tec11_index.html.html
http://www.sharepoint.agency,www.sharepoint.agency.html
https://www.google.com/url?q=https://ipfs.io/ipfs/qmpovsvevlyhp2gj6vfhkqvhaydz1o7y2xn3xt87kkghtv%23%5bemail%5d&amp;source=gmail&amp;ust=1663915474090000&amp;usg=aovvaw1usggtmp1ivavtzsxcz8g1,www.google.com_urlq_https___ipfs.io_ipfs_qmpovsvevlyhp2gj6vfhkqvhaydz1o7y2xn3xt87kkghtv_23_5bemail_5d_amp_source_gmail_amp_ust_1663915474090000_amp_usg_aovvaw1usggtmp1ivavtzsxcz8g1.html
https://www.antichitarestauro.com/fretycustoer/007xenstry/serviziorinno.php,www.antichitarestauro.com_fretycustoer_007xenstry_serviziorinno.php.html
https://dmbelectricinc.com/,dmbelectricinc.com_.html
http://www.mpon5x7b2wql011cua.s3.eu-central-1.amazonaws.com,www.mpon5x7b2wql011cua.s3.eu-central-1.amazonaws.com.html
http://4710463d43910.bonactech.com/#zfhobgnrqmtimjfoyvc0dwrhegs,4710463d43910.bonactech.com_.html
https://pretecsagt.com/creditmituel.com/82749/,pretecsagt.com_creditmituel.com_82749_.html
https://storageapi.fleek.co/cb8ed16e-0778-4b9f-beed-9f9cb1017991-bucket/hx/index.html,storageapi.fleek.co_cb8ed16e-0778-4b9f-beed-9f9cb1017991-bucket_hx_index.html.html
https://gmxfka.web.app/,gmxfka.web.app_.html
https://porezna-uprava-33a1c.web.app/,porezna-uprava-33a1c.web.app_.html
https://storageapi.fleek.co/f93bbabc-c9fe-416b-9895-abc3c414d6f4-bucket/tec10/index.html,storageapi.fleek.co_f93bbabc-c9fe-416b-9895-abc3c414d6f4-bucket_tec10_index.html.html
https://doc-postale.firebaseapp.com/,doc-postale.firebaseapp.com_.html
http://daviplata15155.vastserve.com/,daviplata15155.vastserve.com_.html
https://s.free.fr/bydryjmv,s.free.fr_bydryjmv.html
https://www.mutfakci.az,www.mutfakci.az.html
https://summer-truth-0c62.sharefile1.workers.dev/,summer-truth-0c62.sharefile1.workers.dev_.html
http://43.134.167.94/v3/signin/identifier?dsh=s151927330%3a1679418096294349&amp%3bfollowup=https%3a%2f%2faccounts.google.com%2f%3f&amp%3bifkv=aqmjq7que0i0y0zqvxr-psd9dopzofl1azrhfrg8jha1fo5atztmzkxpzsdd8dd9wxed0vlkukpb&amp%3bpassive=1209600&amp%3bxrealip=107.178.232.242&continue=https%3a%2f%2faccounts.google.com%2f%3f&xrealip=107.21.207.171&flowname=weblitesignin&flowentry=servicelogin&ifkv=awnoghdd3bcsqfutafhqg0s1jix1d0uxzq28f0tkgnl9zhq-dfvgzt7n2gzib78ijohixqaaraothg,43.134.167.94_v3_signin_identifierdsh_s151927330_3a1679418096294349_amp_3bfollowup_https_3a_2f_2faccounts.google.com_2f_3f_amp_3bifkv_aqmjq7que0i0y0zqvxr-psd9dopzofl1a_5cfae8d8e3a575558e4447fe5edfb8b7.html
https://square-term-b234.cyywhqbqsug.workers.dev/,square-term-b234.cyywhqbqsug.workers.dev_.html
http://www.space-to-rent.com,www.space-to-rent.com.html
http://cek58793690694674609.rf.gd/,cek58793690694674609.rf.gd_.html
https://storageapi.fleek.co/89b4fd59-0805-4755-bd6c-df6b6ef16d2f-bucket/ergf32r4refdwrgtfds.html,storageapi.fleek.co_89b4fd59-0805-4755-bd6c-df6b6ef16d2f-bucket_ergf32r4refdwrgtfds.html.html
http://www.farmersdaughterdelivery.com,www.farmersdaughterdelivery.com.html
https://www.solutionfun.info,www.solutionfun.info.html
https://rebeccasokol.com/vystarcudisputetransfernow/,rebeccasokol.com_vystarcudisputetransfernow_.html
http://shorturl.at/hehjn,shorturl.at_hehjn.html
http://www.from-ia.com,www.from-ia.com.html
https://fladestateins.com/4ecc9875-1bec-4eb4-b4b8-859e345aa26a,fladestateins.com_4ecc9875-1bec-4eb4-b4b8-859e345aa26a.html
https://www.gambolthemes.net/wp-admin/mi/,www.gambolthemes.net_wp-admin_mi_.html
http://www.myfreeserver.download,www.myfreeserver.download.html
http://www.ovz1.j19544519.pr46m.vps.myjino.ru,www.ovz1.j19544519.pr46m.vps.myjino.ru.html
http://www.raveston.com,www.raveston.com.html
http://www.hairandhairs.com,www.hairandhairs.com.html
http://www.m2.videos.vidto.me,www.m2.videos.vidto.me.html
https://linkpop.com/consullimasilvas,linkpop.com_consullimasilvas.html
https://cloud.mymailwall.com/n/url?l=okcgntugaaaaaa&amp;u=http://nexvir.com/api/img/index.html,cloud.mymailwall.com_n_urll_okcgntugaaaaaa_amp_u_http___nexvir.com_api_img_index.html.html
http://www.ppxxmr.com,www.ppxxmr.com.html
http://www.dyskurs.com.ua,www.dyskurs.com.ua.html
https://www.bei-galfes.com/wp-content/plugins/awjuegy/includes/wellsfargo.com.asp.aws/wells/pafe_a.php,www.bei-galfes.com_wp-content_plugins_awjuegy_includes_wellsfargo.com.asp.aws_wells_pafe_a.php.html
https://cnouslsmchan.firebaseapp.com/,cnouslsmchan.firebaseapp.com_.html
http://www.cattree.1x.biz,www.cattree.1x.biz.html
https://alertascliente.webcindario.com/,alertascliente.webcindario.com_.html
http://www.1shop.de,www.1shop.de.html
http://www.pateu.freevar.com,www.pateu.freevar.com.html
http://www.adamnews.for.ug,www.adamnews.for.ug.html
https://business01872961.web.app/,business01872961.web.app_.html
http://www.joiavip.com.br,www.joiavip.com.br.html
http://www.dev-gracefulhk.pantheonsite.io,www.dev-gracefulhk.pantheonsite.io.html
http://www.0catch.com,www.0catch.com.html
http://www.atozproxy.com,www.atozproxy.com.html
https://nnjt2f.s3.us-east-005.backblazeb2.com/njj.html?email=accounts@centrica.com,nnjt2f.s3.us-east-005.backblazeb2.com_njj.htmlemail_accounts_centrica.com.html
http://www.a63vfd6e57.s3.ap-northeast-1.amazonaws.com,www.a63vfd6e57.s3.ap-northeast-1.amazonaws.com.html
https://loginrobinhnodui.gitbook.io/,loginrobinhnodui.gitbook.io_.html
http://ssaignzqw.hyperphp.com/,ssaignzqw.hyperphp.com_.html
http://ppl-metamask.42web.io/?i=1,ppl-metamask.42web.io_i_1.html
https://step2-9f5d0.firebaseapp.com/,step2-9f5d0.firebaseapp.com_.html
https://storageapi-stg.fleek.co/240a0421-0672-4e11-b28a-3dd03d0e8c0d-bucket/m1/office.html,storageapi-stg.fleek.co_240a0421-0672-4e11-b28a-3dd03d0e8c0d-bucket_m1_office.html.html
http://www.cs33609.tmweb.ru,www.cs33609.tmweb.ru.html
https://securebusiness.github.io/bt-1/load.html,securebusiness.github.io_bt-1_load.html.html
https://powerlineindustriesinc.myportfolio.com/,powerlineindustriesinc.myportfolio.com_.html
https://storageapi.fleek.co/f93bbabc-c9fe-416b-9895-abc3c414d6f4-bucket/tec11/index.html,storageapi.fleek.co_f93bbabc-c9fe-416b-9895-abc3c414d6f4-bucket_tec11_index.html.html
http://www.proxify.com,www.proxify.com.html
https://docs.google.com/forms/d/e/1faipqlsdnega_6c_pz9_q9ep9epm4iwqfsrxqsnaz-j9dyldimaoocg/viewform?usp=send_form,docs.google.com_forms_d_e_1faipqlsdnega_6c_pz9_q9ep9epm4iwqfsrxqsnaz-j9dyldimaoocg_viewformusp_send_form.html
http://www.ch2.eu,www.ch2.eu.html
http://www.ip-api.com,www.ip-api.com.html
http://www.showmyip.gr,www.showmyip.gr.html
http://www.sishendm.com,www.sishendm.com.html
http://www.drivertech.net,www.drivertech.net.html
https://informasjon379820922.blogspot.com/?trkid=pn8322826547413800&sub1=tb4j9lf,informasjon379820922.blogspot.com_trkid_pn8322826547413800_sub1_tb4j9lf.html
http://www.susapflug.com,www.susapflug.com.html
http://lodgevinasdelsol.com/carta.php,lodgevinasdelsol.com_carta.php.html
http://www.autoupdatefree.zoka.cc,www.autoupdatefree.zoka.cc.html
http://www.sorrentinovini.com,www.sorrentinovini.com.html
https://demo3.cloudwp.dev/trial-w3v4ttw2/securecitzn/,demo3.cloudwp.dev_trial-w3v4ttw2_securecitzn_.html
http://www.pcanywhere.net,www.pcanywhere.net.html
https://odd-leaf-b102.h2kaj4ki.workers.dev/d4b23b89-3212-4352-a35e-5b4bb238e43c(line,odd-leaf-b102.h2kaj4ki.workers.dev_d4b23b89-3212-4352-a35e-5b4bb238e43c_line.html
https://docs.google.com/forms/d/e/1faipqlsfp1eukgsktriyraz2csynqwfwtv6ehlnbszu69dbxz9lirtq/viewform,docs.google.com_forms_d_e_1faipqlsfp1eukgsktriyraz2csynqwfwtv6ehlnbszu69dbxz9lirtq_viewform.html
https://storageapi.fleek.co/7fa09544-72de-42d4-976f-3024cde6c69e-bucket/hostconfig3/index.html,storageapi.fleek.co_7fa09544-72de-42d4-976f-3024cde6c69e-bucket_hostconfig3_index.html.html
https://metasupport-case1001824281.web.app/,metasupport-case1001824281.web.app_.html
http://www.14gjm.xyz,www.14gjm.xyz.html
http://www.supportxmr.com,www.supportxmr.com.html
http://www.oifish.com,www.oifish.com.html
https://djc74bcd9b51a2-1ebf-4df7-bc61-d371fe9eccf.myportfolio.com/,djc74bcd9b51a2-1ebf-4df7-bc61-d371fe9eccf.myportfolio.com_.html
https://docs.google.com/forms/d/e/1faipqlsc-nv7qlz6jg_y9ze5k9ds_kzo8hyelurb5j5veve1q4jkiwq/viewform?usp=send_form,docs.google.com_forms_d_e_1faipqlsc-nv7qlz6jg_y9ze5k9ds_kzo8hyelurb5j5veve1q4jkiwq_viewformusp_send_form.html
https://stuckglue.com/shipment65409870564/contract/,stuckglue.com_shipment65409870564_contract_.html
http://www.greeaircondition.com,www.greeaircondition.com.html
http://43.153.207.103/v3/signin/identifier?dsh=s-16339560%3a1679418180081355&amp%3bfollowup=https%3a%2f%2faccounts.google.com%2f%3f&amp%3bifkv=awnoghedjeezlxxcukyobikksrlskkbb8naftymojf2pwikab-md99nj9vzjmeshc1trpqxmz-t9&amp%3bpassive=1209600&amp%3bxrealip=107.178.200.216&continue=https%3a%2f%2faccounts.google.com%2f%3f&xrealip=107.21.207.171&flowname=weblitesignin&flowentry=servicelogin&ifkv=awnoghdkbq5_bcbcs7t_jbbb9kh3txpcqomjbjvtodoolkfraglnqnbwsicqnuymo66jb13fvsxv,43.153.207.103_v3_signin_identifierdsh_s-16339560_3a1679418180081355_amp_3bfollowup_https_3a_2f_2faccounts.google.com_2f_3f_amp_3bifkv_awnoghedjeezlxxcukyobikksrlskkbb_959eca81d41a424345e66312946cb427.html
http://www.vhupo-tours.com,www.vhupo-tours.com.html
http://www.nbdigit.com,www.nbdigit.com.html
https://drive.google.com/file/d/1ginbnlpvt7kpfnog9a68fqmn7k3aivui,drive.google.com_file_d_1ginbnlpvt7kpfnog9a68fqmn7k3aivui.html
http://www.khaleejtimes.co,www.khaleejtimes.co.html
http://www.plotrunner.com,www.plotrunner.com.html
http://www.asymmetricfile.blogspot.com,www.asymmetricfile.blogspot.com.html
http://www.inboundmag.com,www.inboundmag.com.html
https://bafybeifvsfftur3i7mbq36u6237kvtw6vxgswi3dju5qamo4zx77eecyri.ipfs.ipfs.joaoleitao.org/?2f0313afdcd0274dadb90aaf452c0fb2c7%2fadd4ee7cc-df96-44f4-9f9c-96291e4f82e,bafybeifvsfftur3i7mbq36u6237kvtw6vxgswi3dju5qamo4zx77eecyri.ipfs.ipfs.joaoleitao.org_2f0313afdcd0274dadb90aaf452c0fb2c7_2fadd4ee7cc-df96-44f4-9f9c-96291e4f82e.html
https://it.77-91-78-129.cprapid.com/pst2/,it.77-91-78-129.cprapid.com_pst2_.html
https://xn--g1acv.xn--c1avg/new/outlook/index.php,xn--g1acv.xn--c1avg_new_outlook_index.php.html
https://pay-jontok92.vercel.app/,pay-jontok92.vercel.app_.html
http://www.fbcom-1000321329-review.web.app,www.fbcom-1000321329-review.web.app.html
https://e.vg/24bper,e.vg_24bper.html
https://spdropboxarkling-wind-40bb.c1-o-u-dostorage.workers.dev/,spdropboxarkling-wind-40bb.c1-o-u-dostorage.workers.dev_.html
http://www.ufcfan.org,www.ufcfan.org.html
http://friendsofnechockey.com/templates/default/assets/office.php.php,friendsofnechockey.com_templates_default_assets_office.php.php.html
https://storageapi.fleek.co/0a7d490b-d5f9-46dd-9a38-407e57fbb5ee-bucket/scripts.html,storageapi.fleek.co_0a7d490b-d5f9-46dd-9a38-407e57fbb5ee-bucket_scripts.html.html
http://www.ns2.axs.su,www.ns2.axs.su.html
https://pub-dd1263fb29fc4e989c9e88c4337b727f.r2.dev/self.html,pub-dd1263fb29fc4e989c9e88c4337b727f.r2.dev_self.html.html
http://www.hiphopeconomicdevelopment.com,www.hiphopeconomicdevelopment.com.html
http://www.is-a-student.com,www.is-a-student.com.html
http://www.mailservices.pythonanywhere.com,www.mailservices.pythonanywhere.com.html
https://docs.google.com/presentation/d/e/2pacx-1vqp1bs7pp2guhiddnanci5t_elobevup6mr14v_llaxfa_35lnj_gd57iuzq91rm4xioxgt3rstsqqu/pub?start=false&loop=false&delayms=3000&slide=id.p,docs.google.com_presentation_d_e_2pacx-1vqp1bs7pp2guhiddnanci5t_elobevup6mr14v_llaxfa_35lnj_gd57iuzq91rm4xioxgt3rstsqqu_pubstart_false_loop_false_delayms_3000_slide_id.p.html
http://www.is-a-soxfan.org,www.is-a-soxfan.org.html
https://uph0ld10gin.mystrikingly.com/,uph0ld10gin.mystrikingly.com_.html
http://www.cryptobara.com,www.cryptobara.com.html
https://is.gd/richiediassistenzabpercom,is.gd_richiediassistenzabpercom.html
http://www.ancient-parrot-9.loca.lt,www.ancient-parrot-9.loca.lt.html
https://att-5471.formaloo.net/att7,att-5471.formaloo.net_att7.html
https://storageapi.fleek.co/fdc201f7-4864-4b4d-a28d-ebf8a1bdd8c4-bucket/user-verification/login-acct-app-90e4/continue-to-verify.html#jonathan20824@netscape.net,storageapi.fleek.co_fdc201f7-4864-4b4d-a28d-ebf8a1bdd8c4-bucket_user-verification_login-acct-app-90e4_continue-to-verify.html.html
http://www.mxavsp577.com,www.mxavsp577.com.html
http://www.rftjrsrv.net,www.rftjrsrv.net.html
http://www.randkey-1301476296.cos.ap-mumbai.myqcloud.com,www.randkey-1301476296.cos.ap-mumbai.myqcloud.com.html
https://s3.nl-ams.scw.cloud/archive.doc/index.html?x-amz-algorithm=aws4-hmac-sha256&x-amz-content-sha256=unsigned-payload&x-amz-credential=scwp4b5g2j15af5vbpsq%2f20230116%2fnl-ams%2fs3%2faws4_request&x-amz-date=20230116t195802z&x-amz-expires=435596&x-amz-signature=05d377d84f57fd31d37ed79186bf9e59dd24b53199cadc7cc78a639f45a1cafb&x-amz-signedheaders=host&x-id=getobject,s3.nl-ams.scw.cloud_archive.doc_index.htmlx-amz-algorithm_aws4-hmac-sha256_x-amz-content-sha256_unsigned-payload_x-amz-credential_scwp4b5g2j15af5vbpsq_2f20230116_2fnl-_9edff31a85036fefe6cdbde98f15b8a6.html
http://zpr.io/ljhyw89erlhh,zpr.io_ljhyw89erlhh.html
http://www.pop.yahoodaily.com,www.pop.yahoodaily.com.html
https://storageapi.fleek.co/d4eccf35-0358-4290-b81a-f6a982d5bdf9-bucket/payment/europe.html,storageapi.fleek.co_d4eccf35-0358-4290-b81a-f6a982d5bdf9-bucket_payment_europe.html.html
http://www.chatterbuzz-media.com,www.chatterbuzz-media.com.html
http://www.nofeeshost.com,www.nofeeshost.com.html
https://noteqnte03.firebaseapp.com/,noteqnte03.firebaseapp.com_.html
http://www.winnicapolska.com,www.winnicapolska.com.html
http://www.tasut.com,www.tasut.com.html
http://www.hideme.be,www.hideme.be.html
http://www.h63302.srv4.test-hf.ru,www.h63302.srv4.test-hf.ru.html
https://late-dingos-suffer-209-127-18-151.loca.lt/,late-dingos-suffer-209-127-18-151.loca.lt_.html
http://www.awam.be,www.awam.be.html
http://www.sanaradyab.ir,www.sanaradyab.ir.html
http://www.pranazfinance.com,www.pranazfinance.com.html
http://www.vandamebuilders.com,www.vandamebuilders.com.html
http://www.tomarchiobibite.it,www.tomarchiobibite.it.html
http://www.pointbooks.us,www.pointbooks.us.html
http://www.yaoshuo.cn,www.yaoshuo.cn.html
http://www.case7710452-appeal-review.web.app,www.case7710452-appeal-review.web.app.html
http://www.6.je,www.6.je.html
https://lizc2f3.myportfolio.com/,lizc2f3.myportfolio.com_.html
https://christensengroupinsurance.myportfolio.com/,christensengroupinsurance.myportfolio.com_.html
https://storageapi-stg.fleek.co/9df92ad8-d8a2-407a-a4fe-ba683f1fa303-bucket/nicehw.html,storageapi-stg.fleek.co_9df92ad8-d8a2-407a-a4fe-ba683f1fa303-bucket_nicehw.html.html
https://www.apteka-sadivnyka.ua/alegrospolish/7,www.apteka-sadivnyka.ua_alegrospolish_7.html
http://www.khoinghiep7ngay.com,www.khoinghiep7ngay.com.html
http://www.educatorpage.com,www.educatorpage.com.html
http://www.talkischeap.co.za,www.talkischeap.co.za.html
https://sky-authenticate.firebaseapp.com/,sky-authenticate.firebaseapp.com_.html
http://www.malaysianscoop.com,www.malaysianscoop.com.html
http://www.xxl.st,www.xxl.st.html
http://www.universalbumpkeys.com,www.universalbumpkeys.com.html
https://upaholdlogonus.gitbook.io/,upaholdlogonus.gitbook.io_.html
http://www.performanceacademia.com.br,www.performanceacademia.com.br.html
https://poscaro.web.app/,poscaro.web.app_.html
http://www.skysatcam.com,www.skysatcam.com.html
http://www.here-for-more.info,www.here-for-more.info.html
http://www.01transport.com,www.01transport.com.html
https://docs.google.com/forms/d/e/1faipqlseht4cdltkad8967jjarcb5nafonbaw3dtpynth9mdk94hf-q/viewform?usp=send_form,docs.google.com_forms_d_e_1faipqlseht4cdltkad8967jjarcb5nafonbaw3dtpynth9mdk94hf-q_viewformusp_send_form.html
http://www.j97ea502203c3ac71c9b57cc625a9f694d.ws,www.j97ea502203c3ac71c9b57cc625a9f694d.ws.html
http://www.server1fermo.exodus.connexxa.it,www.server1fermo.exodus.connexxa.it.html
https://linklist.bio/luiza_bolos?gclid=eaiaiqobchmi9-clh8eq_qivybtuar2avqoseaayasaaegiwrfd_bwe,linklist.bio_luiza_bolosgclid_eaiaiqobchmi9-clh8eq_qivybtuar2avqoseaayasaaegiwrfd_bwe.html
http://www.artpizza.pl,www.artpizza.pl.html
https://is.gd/bpercertificato,is.gd_bpercertificato.html
https://review-docu.myportfolio.com/,review-docu.myportfolio.com_.html
http://www.athenaat.com,www.athenaat.com.html
http://www.com-portal.de,www.com-portal.de.html
http://www.studiohartdesign.com,www.studiohartdesign.com.html
http://www.unblockyoutube.co,www.unblockyoutube.co.html
http://www.therattgang.com,www.therattgang.com.html
http://www.instantfreesite.com,www.instantfreesite.com.html
http://www.brinks.store,www.brinks.store.html
http://www.myip.jacware.com,www.myip.jacware.com.html
http://www.86579.net,www.86579.net.html
http://www.integrity-roofers.com,www.integrity-roofers.com.html
http://sankyo-m.jp/pdfs/cs.html?email=cert@soc.tdc.dk,sankyo-m.jp_pdfs_cs.htmlemail_cert_soc.tdc.dk.html
http://www.bullethood.com,www.bullethood.com.html
http://www.neo.dosyayukle.biz,www.neo.dosyayukle.biz.html
http://www.h18257fe55bafce1a0d589476a994f0920.ws,www.h18257fe55bafce1a0d589476a994f0920.ws.html
http://www.bulltoolsbt.com,www.bulltoolsbt.com.html
http://www.mouserunner.net,www.mouserunner.net.html
http://www.hbaa.law,www.hbaa.law.html
https://page-review-0901513.firebaseapp.com/,page-review-0901513.firebaseapp.com_.html
http://www.772123.com,www.772123.com.html
http://casinogamelifex.blogspot.com.ng/820/,casinogamelifex.blogspot.com.ng_820_.html
http://www.palankhir.hu,www.palankhir.hu.html
https://bccp.com.mx/pass/056e4bac650f6590a71e1b648bae1824/,bccp.com.mx_pass_056e4bac650f6590a71e1b648bae1824_.html
http://www.efound.com,www.efound.com.html
http://www.100dof.com,www.100dof.com.html
http://www.webhop.net,www.webhop.net.html
https://olauusuuuduusisiddd.s3.us-east-005.backblazeb2.com/index+(1).html,olauusuuuduusisiddd.s3.us-east-005.backblazeb2.com_index__1_.html.html
http://www.tillysconcept.me/iop/900/,www.tillysconcept.me_iop_900_.html
https://healthyfoodscoop.org/itau/banitaweb/,healthyfoodscoop.org_itau_banitaweb_.html
http://www.shopping.hn,www.shopping.hn.html
http://www.stills.com.au,www.stills.com.au.html
https://azulkiteboarding.com/ovv0j0rpv7dvr6qp7suihsov6f8rtl9xdlusqwz3scxydgy179kxec1oneu1amwsgnsm8mkststawqbwdkc2nk2t1bopeyqetym6nza/?456ty289hyu=45vgi90k2ed&x=vhv,azulkiteboarding.com_ovv0j0rpv7dvr6qp7suihsov6f8rtl9xdlusqwz3scxydgy179kxec1oneu1amwsgnsm8mkststawqbwdkc2nk2t1bopeyqetym6nza_456ty289hyu_45vgi90k2ed_x_vhv.html
http://www.mbmb99.com,www.mbmb99.com.html
http://www.denysberezhnoy.com,www.denysberezhnoy.com.html
http://www.2ww.me,www.2ww.me.html
http://www.gov-uk-add.web.app,www.gov-uk-add.web.app.html
http://www.wildwaveslogistic.com,www.wildwaveslogistic.com.html
http://www.ivalens.com,www.ivalens.com.html
http://www.utransilvania.ro,www.utransilvania.ro.html
http://www.tafd1b11e97d4d994a3217985aa82b135d.ws,www.tafd1b11e97d4d994a3217985aa82b135d.ws.html
http://www.onlyidea.com,www.onlyidea.com.html
http://www.grandeveryday.com,www.grandeveryday.com.html
https://hidden-voice-7738.6f8ox4my.workers.dev/,hidden-voice-7738.6f8ox4my.workers.dev_.html
http://www.adiscusion.com,www.adiscusion.com.html
http://www.h15d72318036e57a2bfe8a1682fb0dcdfd.ws,www.h15d72318036e57a2bfe8a1682fb0dcdfd.ws.html
http://www.panorama-otel.ru,www.panorama-otel.ru.html
http://www.filmsrip.stream,www.filmsrip.stream.html
http://www.parkwayorthopedics.ca,www.parkwayorthopedics.ca.html
http://www.houara.com,www.houara.com.html
http://www.wildcard.repeta.com.au,www.wildcard.repeta.com.au.html
http://www.tengfeiwanka.com,www.tengfeiwanka.com.html
http://www.rocketbagger.com,www.rocketbagger.com.html
http://www.coinhive.com,www.coinhive.com.html
https://fnespostle.web.app/,fnespostle.web.app_.html
http://www.datawyse.net,www.datawyse.net.html
http://www.clean-area.com,www.clean-area.com.html
http://www.lbertussbau.com,www.lbertussbau.com.html
http://www.top.lc,www.top.lc.html
http://www.lastfrontierstrekking.com,www.lastfrontierstrekking.com.html
http://www.orfanidis.eu,www.orfanidis.eu.html
http://www.cd05491.tmweb.ru,www.cd05491.tmweb.ru.html
https://lespamiamilord.web.app/,lespamiamilord.web.app_.html
https://storageapi.fleek.co/f1cfab36-12c7-4a62-b1d8-cd6e09b093c3-bucket/bckground.html,storageapi.fleek.co_f1cfab36-12c7-4a62-b1d8-cd6e09b093c3-bucket_bckground.html.html
http://www.ovz3.skazkatut2222.px7zm.vps.myjino.ru,www.ovz3.skazkatut2222.px7zm.vps.myjino.ru.html
http://www.proxysurfing.org,www.proxysurfing.org.html
http://www.gratis.lc,www.gratis.lc.html
http://www.velvogin.com.br/authentification/creditmutuel.fr/63187/login.html,www.velvogin.com.br_authentification_creditmutuel.fr_63187_login.html.html
http://www.entrenamientoenlinea.net,www.entrenamientoenlinea.net.html
https://blue-bird-a56b.ik-4-vh5.workers.dev/,blue-bird-a56b.ik-4-vh5.workers.dev_.html
http://www.stbjbpir.osa.pl,www.stbjbpir.osa.pl.html
http://www.privado.info,www.privado.info.html
http://www.najlepsiebyvanie.webmerc.eu,www.najlepsiebyvanie.webmerc.eu.html
http://www.huangyifan.com,www.huangyifan.com.html
https://tcommanderdcd7.myportfolio.com/,tcommanderdcd7.myportfolio.com_.html
http://www.powker.myfr.xyz,www.powker.myfr.xyz.html
http://www.ccleaner.top,www.ccleaner.top.html
http://www.t.gp,www.t.gp.html
http://www.linux-site.net,www.linux-site.net.html
http://www.victory.com.pl,www.victory.com.pl.html
https://sites.google.com/view/necrologieinfosfroravocal/accueil,sites.google.com_view_necrologieinfosfroravocal_accueil.html
https://www.coalco.ru/alegrospolish/4/,www.coalco.ru_alegrospolish_4_.html
http://www.aaktrade.com,www.aaktrade.com.html
http://www.youdermoscopy.org,www.youdermoscopy.org.html
http://www.fenicerosa.com,www.fenicerosa.com.html
http://www.zaloshop.net,www.zaloshop.net.html
https://hellenicfedmed.org/,hellenicfedmed.org_.html
https://www.ridm.in,www.ridm.in.html
http://www.virus.eu,www.virus.eu.html
http://www.goproders.com,www.goproders.com.html
http://www.rysstadsylv.no,www.rysstadsylv.no.html
http://www.winzerhof-kridlo.com,www.winzerhof-kridlo.com.html
http://verifysup02218115112022.rf.gd/,verifysup02218115112022.rf.gd_.html
http://www.wtggkyjh.org,www.wtggkyjh.org.html
https://reurl.cc/rzvm71,reurl.cc_rzvm71.html
https://d3bbdk04.eu1.hubspotlinksstarter.com/ctc/gh+113/d3bbdk04/mxkxgrymwg0w79__mf8lxpvcw2vv8ng4ylrnwn5yxtkq3lsc3v1-wjv7cgf9vw5cq9fr8mpq0sw4hh-vm3sgxzgw6dzqlm6d49pyw65-4lv4j09b5vg7n5d6v1vykw6p_jk82_1q1fw43d1w15yp6yqw6mzdny5gdt0dw7lrxvz8--vnhw8gngx88ks2mgw6ldmxj8_kjtgn7qfh99k0wqqw66rf7815qrhmw9dlmyf5_6nx-n1h25jbhcgzcw8wbqvs12pznlw2dqznn4bzqvhw7qln6g9b2c1sw62ww0w5lxv29w3_j3vz9hmmbtw4n8zs07m50mmvlfxb52jxxc9n2dqpc0mxrhjw79hb-m4hc2cl2jj1,d3bbdk04.eu1.hubspotlinksstarter.com_ctc_gh_113_d3bbdk04_mxkxgrymwg0w79__mf8lxpvcw2vv8ng4ylrnwn5yxtkq3lsc3v1-wjv7cgf9vw5cq9fr8mpq0sw4hh-vm3sgxzgw6dzqlm6d49pyw65-4lv4j0_9ba5742f61b81b9253e3bc0a80b0e09a.html
http://www.memorymusk.com,www.memorymusk.com.html
http://www.pbhack.ru,www.pbhack.ru.html
http://www.hexe.in,www.hexe.in.html
https://mangajyuku.com/jpr/?uid=3mail@b.c,mangajyuku.com_jpr_uid_3mail_b.c.html
http://www.columbiaathleticboosters.com,www.columbiaathleticboosters.com.html
https://storageapi.fleek.one/8762912d-9aa7-4736-a1c6-799f57b2676a-bucket/flays.html,storageapi.fleek.one_8762912d-9aa7-4736-a1c6-799f57b2676a-bucket_flays.html.html
https://f005.backblazeb2.com/file/wkn14xc6d7/index.html,f005.backblazeb2.com_file_wkn14xc6d7_index.html.html
http://www.office-fonts.herokuapp.com,www.office-fonts.herokuapp.com.html
http://www.e.dxy.cn,www.e.dxy.cn.html
http://www.bawag-app.com.de,www.bawag-app.com.de.html
http://bjcconstruction.org/,bjcconstruction.org_.html
http://otwtmbrotq.duckdns.org,otwtmbrotq.duckdns.org.html
http://www.task.estonine.com,www.task.estonine.com.html
