index,original_url,filename,inferred_url
0,https://ehbwwh.weebly.com/,url_0.html,
1,https://0-1-x.26215785.xyz/omf7c4f1,url_1.html,
2,https://share-eu1.hsforms.com/2xEXW_cYdRGaiFmHOG0Sunw2ewbij,url_2.html,
3,https://w3b2f-aff1n1ty.com/secure/page/index.php,url_3.html,
4,https://oline-tf-bank.com/,url_4.html,
5,https://allegrolokalnie.oferta-205855.shop/?id=N82A7BihmJ578jGCHJJ8gN4h6FOAbi,url_5.html,https://docs.google.com/presentation/d/e/2PACX-1vSHoIpgl6BloyLTQsoeuXC8MY74GM6OqH3nRv9f3WZ2zHQAXIIJme5TQv-YilvGRToLX566CRkm4sns/pub?start=false&loop=false&delayms=3000&slide=id.p&usp=embed_facebook
6,https://allegrolokalnie.pl-propozycje-pozostale-13.icu/aukcja/ponton-kolibri-km450d-z-kilem-kurierem-z-niemiec-ochrona-14-dni-428136,url_6.html,https://docs.google.com/presentation/d/e/2PACX-1vTP-aQfwGnGCslPuKoRJXfHyr2H5dma4Q13Xz2YpW3kYmExG8jR2vFiN52kinsGZogzNfHSJ17H1oO_/pub?start=false&amp;loop=false&amp;delayms=3000&usp=embed_facebook
7,https://reprogrammation-relais.com/,url_7.html,https://docs.google.com/presentation/d/e/2PACX-1vSHoIpgl6BloyLTQsoeuXC8MY74GM6OqH3nRv9f3WZ2zHQAXIIJme5TQv-YilvGRToLX566CRkm4sns/pub?start=false&amp;loop=false&amp;delayms=3000&amp;slide=id.p&usp=embed_facebook
8,https://reprogrammation-relais.com/pac/calcul.php,url_8.html,https://www.ionos.de/
9,https://dhilm.cn/?idtokenYAjslqWFNi=bomxxn/,url_9.html,
10,https://alopv.cn/rakusec/,url_10.html,
11,https://alopv.cn/rakusec,url_11.html,
12,https://rakun-sup.sbs/secure/,url_12.html,
13,https://rakun-sup.sbs/secure,url_13.html,
14,https://www.rakuten-sec.sayixvity.sbs/Login/,url_14.html,
15,https://www.rakuten-sec.sayixvity.sbs/Login,url_15.html,
16,http://allegrolokalnie.pll-firmowo867431.icu,url_16.html,
17,http://allegrolokalnie.oferta-5205282.cfd,url_17.html,
18,https://supply.digitalcases.net/app/io.html?si=mail%40yarboroughhouse.com,url_18.html,
19,http://allegrolokalnie.pl-039502914.cfd,url_19.html,
20,https://logistique-relais.com/,url_20.html,
21,https://logistique-relais.com/pac/calcul.php,url_21.html,
22,https://otovix-bio.com/RVLw,url_22.html,
23,https://docs.google.com/presentation/d/e/2PACX-1vSHoIpgl6BloyLTQsoeuXC8MY74GM6OqH3nRv9f3WZ2zHQAXIIJme5TQv-YilvGRToLX566CRkm4sns/pub?start=false&loop=false&delayms=3000&slide=id.p,url_23.html,
24,https://docs.google.com/presentation/d/e/2PACX-1vTP-aQfwGnGCslPuKoRJXfHyr2H5dma4Q13Xz2YpW3kYmExG8jR2vFiN52kinsGZogzNfHSJ17H1oO_/pub?start=false&amp;loop=false&amp;delayms=3000,url_24.html,
25,https://docs.google.com/presentation/d/e/2PACX-1vSHoIpgl6BloyLTQsoeuXC8MY74GM6OqH3nRv9f3WZ2zHQAXIIJme5TQv-YilvGRToLX566CRkm4sns/pub?start=false&amp;loop=false&amp;delayms=3000&amp;slide=id.p,url_25.html,
26,https://mtnshop.abundish.info/1e051add#redacted@abuse.ionos.com,url_26.html,
27,https://ammarali.pro/a423b20f#redacted@abuse.ionos.com,url_27.html,
28,https://1mpost.78915487.xyz/nkzv54cx/AtXuVk/7,url_28.html,https://www.ionos.de/
29,https://1mpost.58915487.xyz/nkzv54cx/AtXuVk/7,url_29.html,
30,https://ddpd.93872967.xyz/nkzv54cx/AtXuVk/7,url_30.html,
31,https://1mpost.88915487.xyz/nkzv54cx/AtXuVk/7,url_31.html,
32,https://ol-x.33872967.xyz/nkzv54cx/AtXuVk/7,url_32.html,https://www.ionos.de/
33,https://inbost.37948323.xyz/nkzv54cx/AtXuVk/7,url_33.html,
34,https://pdp.48715482.xyz/nkzv54cx/AtXuVk/7,url_34.html,
35,https://lmpost.34365245.xyz/nkzv54cx/AtXuVk/7,url_35.html,
36,https://impost.47948323.xyz/nkzv54cx/AtXuVk/7,url_36.html,https://www.ionos.de/
37,https://envoimondial.com/,url_37.html,
38,https://envoimondial.com/pac/calcul.php,url_38.html,
39,https://syedkazimali.com/472e9fce#redacted@abuse.ionos.com,url_39.html,
40,https://1mpost.38915487.xyz/nkzv54cx/AtXuVk/7,url_40.html,
41,https://01-x.98715482.xyz/nkzv54cx/AtXuVk/7,url_41.html,
42,https://01-x.78715482.xyz/nkzv54cx/AtXuVk/7,url_42.html,
43,https://www.bgoph.cn/,url_43.html,
44,https://dppd.66253652.xyz/nkzv54cx/AtXuVk/7,url_44.html,
45,https://ziepi.cn/gassakjh98JKH09843ds/,url_45.html,
46,https://ddpd.835263783.xyz/nkzv54cx/AtXuVk/7,url_46.html,
47,https://01-x.68715482.xyz/nkzv54cx/AtXuVk/7,url_47.html,
48,https://a11eqr0lokalnie.8625184.xyz/nkzv54cx/AtXuVk/7,url_48.html,https://www.ionos.de/
49,http://bafkreihpwwwarsgcfln2qism2m7eswygfkzvjnnzu2lkvlqzt3rsjnsooq.ipfs.dweb.link/?#info@mup.cz,url_49.html,
50,https://bafkreihpwwwarsgcfln2qism2m7eswygfkzvjnnzu2lkvlqzt3rsjnsooq.ipfs.dweb.link/,url_50.html,
51,https://a11eqr0lokalnie.7625184.xyz/nkzv54cx/AtXuVk/7,url_51.html,
52,https://b1ngo.co.uk/23a2e949#redacted@abuse.ionos.com,url_52.html,
53,https://a11eqr0lokalnie.6625184.xyz/nkzv54cx/AtXuVk/7,url_53.html,
54,https://lisanattifoods.com/wp-content/upgrade/acess/Aw2vLzxvWT%201.html#fgh@xxfx,url_54.html,
55,https://a11eqr0lokalnie.5625184.xyz/nkzv54cx/AtXuVk/7,url_55.html,
63,https://allegrolokalnie.pl-oferta2784529.shop/?id=o9KEHnB3376D2d9kfa7KhHkEBj1jgj&amp;frontend=AllegroLokalnie_Payment,url_63.html,
66,https://multidefionline.web.app,url_66.html,
68,https://spoonriver.com/.well-known/acme-challenge/acme/users/others/index.html#someone@example.com,url_68.html,
69,https://spoonriver.com/.well-known/acme-challenge/acme/users/?email=someone@example.com,url_69.html,
70,http://my-site-btloginee-tt.weeblysite.com/,url_70.html,
71,http://my-site-100509-105882.weeblysite.com/,url_71.html,
72,http://my-site-106507-106444.weeblysite.com/,url_72.html,
73,http://iuitre4.weeblysite.com/,url_73.html,
78,https://breathfoundation.co.in/de34e4f4#redacted@abuse.ionos.com,url_78.html,
79,https://wgihh.cn/rakusec/,url_79.html,
81,https://mondial-distrib.com/,url_81.html,
82,https://mondial-distrib.com/suivi-de-colis/265022126,url_82.html,
83,https://amexmeds.com/e6b912b8#redacted@abuse.ionos.com,url_83.html,
85,https://exitflexabrasives.com/5bc7d9e6#redacted@abuse.ionos.com,url_85.html,
86,https://retainsmilez.org/e86391f7#redacted@abuse.ionos.com,url_86.html,https://www.ionos.de/
88,https://ana-vestigarou.shreakj.cn/amcmembr_Loginam/,url_88.html,
91,https://jmbpiaggio.com/8b78d499#redacted@abuse.ionos.com,url_91.html,
92,https://bell-web-alpha.vercel.app/,url_92.html,
93,https://livo.ae/52893d18#redacted@abuse.ionos.com,url_93.html,https://www.ionos.de/
94,https://loginxfinitycomlogin7.weebly.com/,url_94.html,
95,https://mrpronto.com/a55f20c0#redacted@abuse.ionos.com,url_95.html,
96,https://same-x8qqv3m2tlx-latest.netlify.app/,url_96.html,
97,https://pendientesdeti.es/6d6116da#redacted@abuse.ionos.com,url_97.html,https://www.ionos.de/
98,https://dev-00140219971129.pantheonsite.io/,url_98.html,
100,https://hickory-miniature-triangle.glitch.me/,url_100.html,
101,https://safety-profiles-fb-ads-3692201809.vercel.app/,url_101.html,
102,https://safety-profiles-fb-ads-3692201831.vercel.app/,url_102.html,
103,https://dev-284815045110.pantheonsite.io/,url_103.html,
104,https://365daysdeal.com/6abcf069#redacted@abuse.ionos.com,url_104.html,
105,https://track-mondiai.com/,url_105.html,
106,https://track-mondiai.com/pac/calcul.php,url_106.html,
115,https://allegrolokalnie.kategorie-ogrodowe-75v34c.rest/aukcja/pawilon-namiot-ogrodowy-4x4-meble-zestaw-1-sezon--912941,url_115.html,
116,https://allegrolokalnie.152c.rest/aukcja/odkurzacz-przemyslowy-festool-ctm-36-e-ac-zyrafa--792512,url_116.html,
117,https://allegrolokalnie.5x9c3f82y.rest/aukcja/pawilon-namiot-ogrodowy-4x4-meble-zestaw-1-sezon--498225,url_117.html,
120,https://activateweb.org/9258f8dc#redacted@abuse.ionos.com,url_120.html,https://www.ionos.de/
122,https://trjezsorio.gitbook.io/es,url_122.html,
123,https://elchollo.org/89fe1b71#redacted@abuse.ionos.com,url_123.html,
150,https://www.khjkklhonfcs.top/,url_150.html,
151,https://www.jifkorpakjiuss.top/,url_151.html,
152,https://www.e-zpassiag.live/,url_152.html,
205,https://usps.com.packagesig.xin/,url_205.html,
285,https://swxzyjkt.vip/,url_285.html,
286,https://jaccs-crucard.qcmau.cn/icmclub-icm_login/,url_286.html,
287,https://swxzyjir.vip/,url_287.html,
295,https://ana-tractant.hdltkj.cn/amcmembr_Loginam/,url_295.html,
350,https://viewsnet-decision.iiepm.cn/first_jalsuica-default/,url_350.html,
361,https://paymentxuquq.vip/,url_361.html,
362,https://paymentxuquo.vip/,url_362.html,
363,https://paymentxuqun.vip/,url_363.html,
438,http://trezorrswalydx.webflow.io,url_438.html,
439,https://trezorrswalydx.webflow.io/,url_439.html,
450,http://bridge-io-trezor.webflow.io,url_450.html,
451,https://bridge-io-trezor.webflow.io/,url_451.html,
479,http://docs-suite-trizor-cdn.webflow.io,url_479.html,
667,https://ezpass.com-wlml.vip/,url_667.html,
690,https://case-id-1000228271451.counselschambers.co.uk/,url_690.html,
693,https://case-id-1000228213735.counselschambers.co.uk/,url_693.html,
699,https://auth-confirmation-meta.vercel.app/,url_699.html,
706,https://policy-violation-5619313040.msurridge.co.uk/,url_706.html,
712,https://verification-center-10003276433.lothianinspection.co.uk/,url_712.html,
720,https://verification-center-10003279754.lothianinspection.co.uk/,url_720.html,
724,https://verification-center-10003289403.lothianinspection.co.uk/,url_724.html,
727,https://ezpass.com-etcikr.vip/,url_727.html,
737,https://stopviolationmarketpros.vercel.app/get_help,url_737.html,
755,https://vesnazd127.wixstudio.io/my-site,url_755.html,https://vesnazd127.wixstudio.com/my-site
760,https://vesnazd127.wixstudio.com/my-site,url_760.html,https://vesnazd127.wixstudio.com/my-site
768,https://dev-0012458789562.pantheonsite.io/,url_768.html,
771,https://evrimail.packagelostbdrwu.xin/,url_771.html,
777,https://helps-coinbase-auth.webflow.io/,url_777.html,
778,https://evrimail.packagelostbdrn.xin/,url_778.html,
782,https://evrimail.packagelostbdrwo.xin/,url_782.html,
783,https://evrimail.packagelostbdrwi.xin/,url_783.html,
784,https://evrimail.packagelostbdrv.xin/,url_784.html,
786,https://evrimail.packagelostbdrcc.xin/,url_786.html,
787,https://wither.difyhuzi.workers.dev/,url_787.html,
788,https://evrimail.packagelostbdrc.xin/,url_788.html,
789,https://evrimail.packagelostbdrb.xin/,url_789.html,
805,https://engdklsa.top/,url_805.html,
841,https://e-zpassny.com.jedlb.xin/,url_841.html,
845,https://e-zpassny.com.jedlz.xin/,url_845.html,
849,https://e-zpassny.com.jedlv.xin/,url_849.html,
850,https://e-zpassny.com.jedlt.xin/,url_850.html,
852,https://e-zpassny.com-zmhsyu.cc/,url_852.html,
853,https://sky-1000860w393.square.site/,url_853.html,
854,https://e-zpassny.com.jedlm.xin/,url_854.html,
856,https://neewattmailupadteapps3.weebly.com/,url_856.html,https://neewattmailupadteapps3.weebly.com/
