original_url,final_url,filename
https://supply.digitalcases.net/app/io.html?si=mail%40yarboroughhouse.com,https://supply.digitalcases.net/app/io.html?si=mail%40yarboroughhouse.com,https___supply_digitalcases_net_app_io_html_si_mail_40yarboroughhouse_com.html
https://logistique-relais.com/,https://logistique-relais.com/,https___logistique-relais_com_.html
https://logistique-relais.com/pac/calcul.php,https://logistique-relais.com/pac/calcul.php,https___logistique-relais_com_pac_calcul_php.html
https://mtnshop.abundish.info/1e051add#redacted@abuse.ionos.com,https://mtnshop.abundish.info/1e051add#redacted@abuse.ionos.com,https___mtnshop_abundish_info_1e051add_redacted_abuse_ionos_com.html
http://bafkreihpwwwarsgcfln2qism2m7eswygfkzvjnnzu2lkvlqzt3rsjnsooq.ipfs.dweb.link/?#info@mup.cz,http://bafkreihpwwwarsgcfln2qism2m7eswygfkzvjnnzu2lkvlqzt3rsjnsooq.ipfs.dweb.link/?#info@mup.cz,http___bafkreihpwwwarsgcfln2qism2m7eswygfkzvjnnzu2lkvlqzt3rsjnsooq_ipfs_dweb_link___info_mup_cz.html
https://bafkreihpwwwarsgcfln2qism2m7eswygfkzvjnnzu2lkvlqzt3rsjnsooq.ipfs.dweb.link/,https://bafkreihpwwwarsgcfln2qism2m7eswygfkzvjnnzu2lkvlqzt3rsjnsooq.ipfs.dweb.link/,https___bafkreihpwwwarsgcfln2qism2m7eswygfkzvjnnzu2lkvlqzt3rsjnsooq_ipfs_dweb_link_.html
https://b1ngo.co.uk/23a2e949#redacted@abuse.ionos.com,https://b1ngo.co.uk/23a2e949#redacted@abuse.ionos.com,https___b1ngo_co_uk_23a2e949_redacted_abuse_ionos_com.html
https://allegrolokalnie.pl-oferta2784529.shop/?id=o9KEHnB3376D2d9kfa7KhHkEBj1jgj&amp;frontend=AllegroLokalnie_Payment,https://allegrolokalnie.pl-oferta2784529.shop/?id=o9KEHnB3376D2d9kfa7KhHkEBj1jgj&amp;frontend=AllegroLokalnie_Payment,https___allegrolokalnie_pl-oferta2784529_shop__id_o9KEHnB3376D2d9kfa7KhHkEBj1jgj_amp_frontend_Allegr.html
https://retainsmilez.org/e86391f7#redacted@abuse.ionos.com,https://retainsmilez.org/e86391f7#redacted@abuse.ionos.com,https___retainsmilez_org_e86391f7_redacted_abuse_ionos_com.html
https://ana-vestigarou.shreakj.cn/amcmembr_Loginam/,https://ana-vestigarou.shreakj.cn/amcmembr_Loginam/,https___ana-vestigarou_shreakj_cn_amcmembr_Loginam_.html
https://bell-web-alpha.vercel.app/,https://bell-web-alpha.vercel.app/,https___bell-web-alpha_vercel_app_.html
https://livo.ae/52893d18#redacted@abuse.ionos.com,https://livo.ae/52893d18#redacted@abuse.ionos.com,https___livo_ae_52893d18_redacted_abuse_ionos_com.html
https://pendientesdeti.es/6d6116da#redacted@abuse.ionos.com,https://pendientesdeti.es/6d6116da#redacted@abuse.ionos.com,https___pendientesdeti_es_6d6116da_redacted_abuse_ionos_com.html
https://dev-00140219971129.pantheonsite.io/,https://dev-00140219971129.pantheonsite.io/,https___dev-00140219971129_pantheonsite_io_.html
https://hickory-miniature-triangle.glitch.me/,https://hickory-miniature-triangle.glitch.me/,https___hickory-miniature-triangle_glitch_me_.html
https://safety-profiles-fb-ads-3692201809.vercel.app/,https://safety-profiles-fb-ads-3692201809.vercel.app/,https___safety-profiles-fb-ads-3692201809_vercel_app_.html
https://safety-profiles-fb-ads-3692201831.vercel.app/,https://safety-profiles-fb-ads-3692201831.vercel.app/,https___safety-profiles-fb-ads-3692201831_vercel_app_.html
https://dev-284815045110.pantheonsite.io/,https://dev-284815045110.pantheonsite.io/,https___dev-284815045110_pantheonsite_io_.html
https://activateweb.org/9258f8dc#redacted@abuse.ionos.com,https://activateweb.org/9258f8dc#redacted@abuse.ionos.com,https___activateweb_org_9258f8dc_redacted_abuse_ionos_com.html
https://trjezsorio.gitbook.io/es,https://trjezsorio.gitbook.io/es,https___trjezsorio_gitbook_io_es.html
